AKM1MP6P0OYPR,0132793040,5.0,1365811200
A2CX7LUOHB2NDG,0321732944,5.0,1341100800
A2NWSAGRHCP8N5,0439886341,1.0,1367193600
A2WNBOD3WNDNKT,0439886341,3.0,1374451200
A1GI0U4ZRJA8WN,0439886341,1.0,1334707200
A1QGNMC6O1VW39,0511189877,5.0,1397433600
A3J3BRHTDRFJ2G,0511189877,2.0,1397433600
A2TY0BTJOTENPG,0511189877,5.0,1395878400
A34ATBPOK6HCHY,0511189877,5.0,1395532800
A89DO69P0XZ27,0511189877,5.0,1395446400
AZYNQZ94U6VDB,0511189877,5.0,1401321600
A1DA3W4GTFXP6O,0528881469,5.0,1405641600
A29LPQQDG7LD5J,0528881469,1.0,1352073600
AO94DHGC771SJ,0528881469,5.0,1370131200
AMO214LNFCEI4,0528881469,1.0,1290643200
A28B1G1MSJ6OO1,0528881469,4.0,1280016000
A3N7T0DY83Y4IG,0528881469,3.0,1283990400
A1H8PY3QHMQQA0,0528881469,2.0,1290556800
A2CPBQ5W4OGBX,0528881469,2.0,1277078400
A265MKAR2WEH3Y,0528881469,4.0,1294790400
A37K02NKUIT68K,0528881469,5.0,1293235200
A2AW1SSVUIYV9Y,0528881469,4.0,1289001600
A2AEHUKOV014BP,0528881469,5.0,1284249600
AMLFNXUIEMN4T,0528881469,1.0,1307836800
A2O8FIJR9EBU56,0528881469,4.0,1278547200
A3IQGFB959IR4P,0528881469,1.0,1327363200
AYTBGUX49LF3W,0528881469,4.0,1398470400
A24QFSUU00IZ05,0528881469,2.0,1293580800
A1NG5X8VYZWX0Q,0528881469,1.0,1286582400
A1E4WG8HRWWK4R,0528881469,5.0,1390867200
A2AOEW5UGXFOOQ,0528881469,5.0,1294790400
A2XSWV6AQI90BR,0528881469,1.0,1299974400
AR84FMFYCQCWF,0528881469,1.0,1296691200
A19TBA1WARJS55,0528881469,2.0,1340496000
A3C5SMBSKKWNPT,0528881469,5.0,1285113600
A24EV6RXELQZ63,0528881469,1.0,1317254400
A3T6ZQONABIJSG,0528881469,1.0,1358035200
A132P6YSJSI5G2,0528881469,2.0,1298851200
A1NQPG5IJ43HJI,0558835155,3.0,1372550400
A2WOJCFAWI8VS8,059400232X,5.0,1379376000
A22FB2WSZSXSHH,059400232X,5.0,1348790400
AZQZ3STMCBG5H,059400232X,5.0,1395705600
A2EGPA22UHMQXL,0594012015,1.0,1405296000
AC57CU3TF6ZMJ,0594012015,5.0,1404172800
A2YX0Z6RHA8Y2H,0594012015,1.0,1384300800
A38T51B7J6QVD9,0594012015,1.0,1377129600
A1HOSS7PNC1LMU,0594012015,1.0,1374537600
A9HI77BE35VYE,0594012015,1.0,1373932800
A3HFUWKSPF5QEH,0594012015,5.0,1374278400
A38ETMHM9ATSF0,0594012015,1.0,1374105600
A34O6MND17VDDH,0594017343,1.0,1323216000
A3JSAGWSLY5044,0594017580,3.0,1404432000
A3B12X05JZKM94,0594033896,5.0,1405382400
AKZOMZCNU41GZ,0594033896,4.0,1388620800
A2XTFY0GJDF3R2,0594033896,4.0,1300233600
A3ILG56NE5QU37,0594033896,5.0,1399420800
AOK77THMKCGXZ,0594033896,4.0,1394496000
A24RBL3W5W6SAN,0594033926,5.0,1392422400
A2RX85Y4S27N2J,0594033926,1.0,1397865600
A253JJFXQNPCOJ,0594033926,4.0,1387584000
AHYURLVH267MA,0594033926,5.0,1389225600
A1FXYTO11KEJ2P,0594033926,4.0,1398297600
A2TKKYL3GKFS2M,0594033926,5.0,1388102400
A3F069UFW04K1E,0594033926,5.0,1392249600
A3HQ8RXUMJ2Y58,0594033926,5.0,1400976000
A2MNKBHPMBB0EA,0594033926,5.0,1390003200
A3HGTTFIDLCWDJ,0594033926,4.0,1396483200
AYM7NJTTX3M0L,0594033926,5.0,1393200000
A2PL24SVISXZM9,0594033926,5.0,1392422400
A3I1C8WM8DLSMM,0594033926,5.0,1395964800
A29LNVZLBG0IYN,0594033926,5.0,1402876800
A2CP4GY6XAWIII,0594033926,5.0,1403568000
A1UMFN4RKU451R,0594033934,5.0,1359244800
A3T3XKC7H5ACI1,0594033934,5.0,1401235200
A1NQNJ3EAZ6CMZ,0594202442,4.0,1360108800
A34TPQUVSQXXPX,0594287995,5.0,1380672000
A2B4F6LP0ZLI8E,0594296420,3.0,1398556800
A1RKH6803HVOQL,0594296420,5.0,1365379200
A3ZNVCQCG57AY,0594296420,5.0,1359331200
A1HM74IXWXQ5D8,0594296420,5.0,1392854400
A2DUI0YVE1DZ48,0594296420,5.0,1388016000
AH3LYMIBZ6DKF,0594296420,5.0,1380672000
AWA0CM7TY98QX,0594450209,5.0,1382313600
A244IAP7UBVHH6,0594450209,5.0,1389139200
A3E7PG9CHDBICA,0594450705,5.0,1403827200
A2JXAZZI9PHK9Z,0594451647,5.0,1388707200
A1RTWWRHVIVWQW,0594451647,5.0,1404691200
A2P5U7BDKKT7FW,0594451647,2.0,1398556800
A262D8GC5XRU31,0594451647,5.0,1400025600
AAZ084UMH8VZ2,0594451647,5.0,1399161600
A3M122DYN9L5N8,0594451647,1.0,1388707200
A3S0RV5ZQ37538,0594451647,4.0,1399075200
A150Y5KRN7FWJJ,0594451647,5.0,1384646400
AEZ3CR6BKIROJ,0594451647,4.0,1405036800
A3BY5KCNQZXV5U,0594451647,5.0,1390176000
A1JIOBEWHVV8MC,0594451647,5.0,1393545600
A2OJRZGW5YVGNS,0594451647,5.0,1384905600
A14KUMEJ094IZ3,0594451647,5.0,1396396800
A212UCG62RO8JF,0594451647,5.0,1389657600
A18U7ZDE2VHD01,0594477670,5.0,1361232000
A39J1PTX1KAL66,0594477670,5.0,1388361600
A2IEJQ8754BMSI,0594477670,4.0,1348185600
APGCN777AZIYR,0594478162,4.0,1389484800
A1UMV2TNJ96LMU,0594481813,5.0,1390003200
A7S2B0I67WNWB,0594481813,4.0,1397606400
A3HICVLF4PFFMN,0594481813,5.0,1399248000
A3HGP1YI7G80HA,0594481813,5.0,1390176000
A2SRW2W1GXYKQZ,0594481813,5.0,1403827200
A3S51KDTK4P2JP,0594481813,4.0,1402876800
A2ATRYXF83T83K,0594481813,5.0,1399766400
A5MJPMMDAA1RQ,0594481813,5.0,1395964800
A1RGYV1ASMTMSE,0594481813,1.0,1390003200
ANSKSPEEAKY7S,0594481813,5.0,1372032000
A2QBZA4S1ROX9Q,0594481813,3.0,1369440000
A2FT4NPBE189NB,0594481813,5.0,1402790400
AEFUHKIXACWJW,0594481813,5.0,1383868800
ANY6JUFM0GH8U,0594481813,5.0,1394323200
A29AHNG4TUERKG,0594481813,1.0,1375401600
AT09WGFUM934H,0594481813,3.0,1377907200
A1JB5VD57VRYAX,0594481813,5.0,1389830400
A22055Y81HHDQ9,0594481813,1.0,1384732800
A2CVNEE0H2F1YE,0594481813,4.0,1385424000
ASLRVLGGF5F2J,0594481813,5.0,1404864000
A2TSQNO5HXCYN2,0594481813,5.0,1395273600
A1G0KYO61NFVTF,0594481813,5.0,1400803200
A2OC1UK7VMBLOT,0594481813,4.0,1398643200
A260COKJRRVS3U,0594481813,5.0,1401840000
A1T8TP4OHT5T13,0594481813,4.0,1399420800
AGAKHE014LQFU,0594481813,3.0,1379462400
A3NU787GB0X67S,0594481813,5.0,1404950400
AY0BL2JD0GAFT,0594481813,5.0,1399248000
A2UVFEZ7UDBRAA,0594481813,5.0,1368576000
A2332ANCYJS96P,0594481813,5.0,1398643200
A1S6B5QFWGVL5U,0594481813,4.0,1372291200
A399VAWM09IRH9,0594481902,5.0,1403827200
AMP3SRCVG8VED,0594481902,5.0,1403654400
ANFUGJ8Z9EMQS,0594481902,5.0,1398384000
A2N3PEHL6QY8U8,0594481902,5.0,1398816000
A2KK9GUTOXMB43,0594481902,5.0,1399075200
A1G5M9B068B6N4,0594481902,5.0,1370649600
A107S4MT25VXQ5,0594481902,5.0,1399507200
A1IIGG5OMZKNYP,0594481902,2.0,1382832000
A3RV0ZUIEOM0TX,0594481902,5.0,1384473600
AAWFWZ2K9WTV1,0594481902,5.0,1395619200
A2J3WVIQ5LO1O7,0594481902,4.0,1400284800
A1GI134K2EVPEM,0594481902,5.0,1401235200
A37ASPPZ778F9O,0594481902,1.0,1403913600
AWL0JAXP3LQWJ,0594482127,4.0,1390176000
A29FNXHYVA2W4G,0594511488,5.0,1398124800
A32JHAQPVSGHUD,0594511488,5.0,1396828800
A2C8SNQ59NMJ1,0594514681,5.0,1389916800
AUMPN10O0S5WE,0594514681,4.0,1393372800
A1APJUGO70YI8,0594514789,5.0,1398988800
A3EI9TX2A4MUSZ,0594549507,4.0,1386720000
A3JQESKSRFB6MV,0594549558,5.0,1388534400
A3AW83CCH2SYAG,0743610431,5.0,1394841600
A3IL8P9RPBUW2X,0743610431,3.0,1374278400
A1C09ZLU9Z56TG,0777700018,5.0,1355011200
A2E14J26DQZOAA,0777700018,5.0,1355529600
A16OJ9FTF432BE,0840017677,4.0,1321315200
A2WOSVWG4SX1J1,0879393742,5.0,1386892800
A17ZYVAZZZWXU5,0879393742,3.0,1388534400
A1PY7ODDSRIFGV,0879393742,4.0,1368057600
AJ4QIAKKHW21N,089933623X,1.0,1312156800
A2RMLNVKPFRK7X,089933623X,4.0,1207699200
A2R4GEWPLORVSO,0899336795,2.0,1103328000
A1KKUYTDUZDZSA,0899336795,4.0,1104192000
A34527S2PDKKGN,0899336795,3.0,1204848000
ACVACAN9F8XKR,0899336795,1.0,1180915200
A5OXSZ6JI3WW0,0899336795,1.0,1308528000
A28K8QC9C4WPGE,0899336795,1.0,1141084800
A266DODBJYK0X,0899336795,1.0,1116806400
A17RBVZX3VTNBW,0899336795,1.0,1111449600
AV4GK35MHBFMW,0899336795,1.0,1133395200
A3UKB1QYS8KBW0,0899336795,1.0,1104537600
A11E2USO989A37,094339676X,5.0,1388448000
A9CRICSLKO7DJ,0970407998,1.0,1330732800
A32HSNCNPRUMTR,0970407998,1.0,1319673600
A17HMM1M7T9PJ1,0970407998,4.0,1281744000
A1GWA4DX7T4RWE,0970407998,5.0,1300492800
A233AWZLS4LDYO,0970407998,5.0,1359676800
A737SIAIN3WIY,0970408005,5.0,1182816000
AVH06NSECM8EY,0970408005,3.0,1323475200
A1BKC6B7YHYTVV,0972683275,4.0,1405382400
AWVFSIB42LHKJ,0972683275,4.0,1405209600
A36MQBNADRH8YY,0972683275,5.0,1405641600
A3SRXMPLAEZ6DP,0972683275,4.0,1405987200
A20XXTXWF2TCPY,0972683275,5.0,1405123200
AOZZ0CTG5RMW1,0972683275,4.0,1302912000
A2IDCSC6NVONIZ,0972683275,5.0,1367280000
AML8NIWFKHZJU,0972683275,3.0,1383782400
A33HBPL7Q6SZMG,0972683275,5.0,1385337600
A22JDDJB1ZLGGZ,0972683275,5.0,1372636800
A39PZJCRS98E6P,0972683275,5.0,1316908800
A17S5ODXALEGVP,0972683275,5.0,1325376000
A2WAXINV2ODKUQ,0972683275,5.0,1373846400
A23X08KRDJKF7,0972683275,5.0,1388016000
A15FPN5N8TI3Q8,0972683275,3.0,1361059200
A1ZD73MDX4POAY,0972683275,5.0,1336521600
A1EDI0X3GI1SK7,0972683275,5.0,1323993600
A3BMUBUC1N77U8,0972683275,4.0,1385164800
A1WSLZ5AVVHLRX,0972683275,5.0,1370476800
A2ZBW1GVAXYGNI,0972683275,1.0,1359504000
A3H4C425X1H2H9,0972683275,5.0,1402358400
A17D7RRY5F6Q6E,0972683275,4.0,1369267200
AYL6T95NTTYCT,0972683275,1.0,1343260800
ARG1JEPRCUDQT,0972683275,5.0,1381190400
A3BPE4JK9G2SIE,0972683275,5.0,1351296000
AVRFGGCCCR6QU,0972683275,4.0,1283126400
ARW08E970C4A4,0972683275,3.0,1379203200
AKUNHU70LFK6E,0972683275,5.0,1375660800
A156MPSDULFFO5,0972683275,4.0,1311292800
A1RJD803EYM353,0972683275,5.0,1360454400
A3UOSOCRKS3WIH,0972683275,5.0,1368316800
AWE6E7DWGGWN7,0972683275,5.0,1365465600
A3PRSCGIX3NY0X,0972683275,5.0,1388448000
A1RGY08MHYC8AG,0972683275,4.0,1377907200
AQJ9VAGG0QKEH,0972683275,5.0,1374364800
A3NFODKXP6LXLV,0972683275,5.0,1400457600
A36JCYNJG4Q2W6,0972683275,5.0,1293580800
A2XPU8EMY19NBQ,0972683275,3.0,1315008000
A1FAOXB8IJS99K,0972683275,5.0,1326412800
A19X9H8DC3U31K,0972683275,5.0,1360972800
A32XX53PIYV78T,0972683275,4.0,1304812800
A1G1B7UE7D675U,0972683275,5.0,1383955200
A778X9CUE16YO,0972683275,4.0,1393977600
A1E9C49T7E6GKV,0972683275,5.0,1377475200
A2G2K3OC74CPFZ,0972683275,5.0,1311465600
A371ZZ95ZQEIZV,0972683275,4.0,1389052800
A17BX6ISOLKLXM,0972683275,4.0,1294617600
A1SJ4E4I684N6M,0972683275,5.0,1377561600
A3A5LQ5T7M7I8V,0972683275,5.0,1346716800
A18SGGRTJKKHR3,0972683275,3.0,1317168000
A2ZSAJ28QS6Z68,0972683275,5.0,1357257600
A2UUNC4CW16062,0972683275,3.0,1361232000
A7060R14RJF3I,0972683275,4.0,1368835200
AIHN98QLUVU7E,0972683275,5.0,1325116800
A3RCX7Z7I9G2MF,0972683275,5.0,1388966400
A1JLEDHBYBOLG2,0972683275,5.0,1321488000
A3GG0HR8199P8Z,0972683275,1.0,1336348800
A3R0H2RJY9DM99,0972683275,5.0,1325116800
A26QCCO0101CO1,0972683275,5.0,1361404800
APBF796U7GUTV,0972683275,5.0,1331942400
A3T1DE9OZLLLWG,0972683275,1.0,1360454400
AUCYYUP15XJA,0972683275,5.0,1367884800
A14V9YT3C4QRPW,0972683275,4.0,1366156800
A1HRZF7BQSCLUC,0972683275,4.0,1354665600
AZPT44204EODM,0972683275,5.0,1393113600
A1TDQTL9185HTU,0972683275,5.0,1404777600
A6DI4IE8MKFYR,0972683275,5.0,1363219200
A1CE42YCMQ3FEX,0972683275,4.0,1365724800
A1VYNYUM57GAM0,0972683275,5.0,1384905600
A1C1XLRK3R841B,0972683275,5.0,1384819200
AF6352V65ZNG1,0972683275,4.0,1386201600
AFS5ZGZ2M3ZGV,0972683275,5.0,1379721600
AH5FPXRBVFP0B,0972683275,5.0,1364083200
A1FXZJ8ZMQLYBS,0972683275,5.0,1322524800
A2HLNXOYLMERTC,0972683275,5.0,1397606400
A2ULCET06LOPBB,0972683275,5.0,1369785600
A95VB9FYXW5XJ,0972683275,5.0,1391990400
A3CCITVF0WL6KE,0972683275,5.0,1357689600
AYZ54MQJUM3NV,0972683275,5.0,1404000000
AYQNWE3AX4H08,0972683275,5.0,1374105600
A3P2ZN0QGUALHG,0972683275,5.0,1310515200
AS2KRDSIWBM2P,0972683275,4.0,1354233600
ALL8RBDZK0WWO,0972683275,4.0,1357257600
A33MVR4OT3321,0972683275,5.0,1357603200
A3P24ZSF9IQRJJ,0972683275,5.0,1402617600
A2YYH2I9S9TUCM,0972683275,5.0,1379203200
A3PY6TQYAZG7MB,0972683275,5.0,1306886400
A7SPHMIUOO3H1,0972683275,4.0,1399075200
A1JI3XL5ME8CWM,0972683275,4.0,1336435200
AIRPOKZ4206EG,0972683275,5.0,1369008000
A320EVMBXQI9B8,0972683275,2.0,1367193600
AQBLWW13U66XD,0972683275,5.0,1375574400
A2JQZJVI9DS6R6,0972683275,5.0,1317686400
AEBGTLDMLWZO4,0972683275,5.0,1404604800
A70MDVX1NI1MM,0972683275,5.0,1324684800
A1WT0YXXFDUY46,0972683275,5.0,1393286400
A2DO34E3J21CRT,0972683275,5.0,1311724800
A1079KKA0AXSL3,0972683275,4.0,1326067200
A3NNSGACHBM7MK,0972683275,4.0,1330128000
A3CK3T0E4C99CJ,0972683275,5.0,1341014400
AUKEU9CW56TT4,0972683275,5.0,1396828800
A3UNB8ASV0YNCN,0972683275,4.0,1332374400
A2BWX768VJ5QFS,0972683275,5.0,1298678400
AYIMC83D50LGH,0972683275,5.0,1394064000
A21VE3LW3ZQ7KZ,0972683275,4.0,1402531200
A2IYE9D2TEIDYV,0972683275,5.0,1371600000
A1Z3FKFCMLSMG3,0972683275,4.0,1323302400
A28YQET4K11XVA,0972683275,4.0,1312934400
AYRHK2GGO4VFU,0972683275,5.0,1337299200
A3130BH1Z7OPD2,0972683275,3.0,1354147200
AGWAOGY3WTN4X,0972683275,5.0,1364428800
A1L5LHGAUIIEOU,0972683275,5.0,1345161600
A23A7OH3AM0PDA,0972683275,4.0,1296086400
A12AU3CNAWYO5D,0972683275,5.0,1356220800
A5O0P0JV6PLU3,0972683275,5.0,1353801600
A3TY97QXQ6ZFSQ,0972683275,4.0,1291766400
A2LKVJ3HM9FKUE,0972683275,5.0,1404604800
A35QI2GKW8K230,0972683275,1.0,1284595200
A4VTUX8VGLMAW,0972683275,5.0,1332201600
A27X48PMUGK6U4,0972683275,5.0,1290211200
A36B6D7RXI94JR,0972683275,5.0,1364774400
A2KQDWZZUBBNOJ,0972683275,4.0,1306800000
AW90C3YRHB3TG,0972683275,1.0,1355616000
A2IXNEHMM685C9,0972683275,3.0,1380844800
A27XULAA9X5ZGQ,0972683275,5.0,1329436800
A3OB8MSEUT2B0F,0972683275,5.0,1327795200
A4CUFSZBWO8HR,0972683275,2.0,1394582400
A3DIXHIECTEKV2,0972683275,2.0,1342051200
A1BAAIX0K2960C,0972683275,5.0,1377129600
A3TTQNM920Q30O,0972683275,5.0,1362614400
AWYAJCVLQNJK8,0972683275,5.0,1327276800
A3IIGCFLKVFW8M,0972683275,5.0,1393459200
A1C4BMQQXOQD80,0972683275,4.0,1366588800
A2NJJGX3EMM4KB,0972683275,5.0,1373068800
A1YFZQQLQ3QZHK,0972683275,2.0,1333843200
ATWS0VHG8NOUZ,0972683275,5.0,1327881600
AYGDF2QFY2ZZ3,0972683275,5.0,1379721600
A2063NNYWR4B7J,0972683275,4.0,1313539200
A108UXJTIV8XXY,0972683275,5.0,1404864000
A35TCV053U9AHN,0972683275,4.0,1399161600
A3ON9HIKV7GO6K,0972683275,5.0,1286582400
A13S3RBHK5T968,0972683275,5.0,1370563200
A20VSTDILG9K7H,0972683275,4.0,1402617600
A1Y7I43UEGKDN7,0972683275,4.0,1320278400
A3LUBQ6HTHQC9C,0972683275,4.0,1352332800
AGG3RTQFN3OJ4,0972683275,5.0,1311465600
A1EWPEGJYIX23N,0972683275,5.0,1360281600
AVOYMPC2XY63V,0972683275,5.0,1297814400
A3VKO21KYDJQ2W,0972683275,3.0,1310428800
A1MSO6LERG39PC,0972683275,5.0,1347494400
A20Q4FIBCAG2ZV,0972683275,5.0,1366848000
A2LDAK4G15UOQ6,0972683275,4.0,1354147200
A1980MGZXSGJP,0972683275,5.0,1361059200
AQI418NDK5GF3,0972683275,5.0,1335052800
A2QDYDMCPU68U5,0972683275,5.0,1385078400
A35DGOWXUZYTWS,0972683275,5.0,1306800000
A1JOEW6J1H9CXX,0972683275,5.0,1342137600
A1GLL5CJ1SFAMS,0972683275,5.0,1326326400
A3GYJW3I6Q5AXG,0972683275,5.0,1358553600
A1SFB394R1NHNB,0972683275,5.0,1324944000
A2683OJ85CLWFA,0972683275,5.0,1360454400
AXBF39GC4I2EC,0972683275,5.0,1393977600
A2MBXZ1XGBUFA,0972683275,5.0,1395014400
A226W9HO3YVYUG,0972683275,5.0,1376956800
A2UWRQFJ9OIM9L,0972683275,5.0,1352851200
A14C5D25SZWFLX,0972683275,5.0,1386633600
AXDW3OXL1ANL4,0972683275,5.0,1372896000
A3M6S7Y1FNPOLD,0972683275,3.0,1355097600
A1GSL1M8TPUSB2,0972683275,5.0,1340496000
A2C4WL8NYM7Q0I,0972683275,4.0,1336521600
A1VVJLWQ15YTYV,0972683275,4.0,1287014400
AOU1TM9UA1BZF,0972683275,5.0,1388620800
A3S5643F4JNLQQ,0972683275,5.0,1373587200
A1HT4T3HR2W9VG,0972683275,5.0,1396483200
AJIA55AVU0CUS,0972683275,4.0,1364947200
A36VF2I8ILFJH1,0972683275,5.0,1358985600
A106YUCY4SVX1D,0972683275,5.0,1310083200
A1YVXAIV87Z3LM,0972683275,5.0,1403222400
A3U6HVI3EWAZWU,0972683275,4.0,1382486400
A3V0W3FHKL6468,0972683275,5.0,1375660800
A3C51ESBUD8QAJ,0972683275,4.0,1324598400
A32YYOS0T4NVG1,0972683275,5.0,1385337600
A1OO6OKFFDBXNW,0972683275,4.0,1396742400
A3IC6OB22INS9,0972683275,4.0,1369353600
A2F1XPTGEADV8R,0972683275,4.0,1366588800
A3ISZ8KLXYYI7P,0972683275,5.0,1390348800
A3RD1GFFLG12YC,0972683275,5.0,1388966400
A1SR2IFR1CBPQW,0972683275,5.0,1359417600
A1JKBJEKH5GXIT,0972683275,5.0,1327536000
A2QG84ZEFKUISL,0972683275,5.0,1382054400
A26FS7F997E7SI,0972683275,4.0,1359936000
A2QB7E7X3RURZ2,0972683275,3.0,1348185600
A263GC6WFHUY4Z,0972683275,5.0,1293753600
A33DH1NN4OOKX3,0972683275,2.0,1323907200
A25EIC1CXMA1DO,0972683275,5.0,1362182400
A2EJJTOWAEL7SJ,0972683275,5.0,1357689600
A2MQ47BBL7F6B6,0972683275,5.0,1267747200
A3QH8VQDE7HZCR,0972683275,5.0,1286236800
A2UMQGIOIQ2ZJ9,0972683275,5.0,1350345600
A2RNG3LFW5CFKX,0972683275,5.0,1361750400
A25DO9Q43GE6WK,0972683275,5.0,1319155200
A2LSIS2A2CNLVL,0972683275,4.0,1369872000
A26UWC5UI7XLY2,0972683275,5.0,1320537600
A1MDERNKA03DON,0972683275,5.0,1342828800
A1HZ68B7UMNWVW,0972683275,5.0,1383523200
A3KWKARBHBSQZF,0972683275,5.0,1324598400
A6J8D9V5S9MBE,0972683275,5.0,1306886400
A3Q95HLHAUC34M,0972683275,5.0,1395619200
A3UBDM2OA2Y3I9,0972683275,5.0,1360540800
A1AT5LYGF3T3BJ,0972683275,4.0,1393372800
A2VEU4GLPJUFNP,0972683275,3.0,1385856000
A143ONYTRZY3SF,0972683275,5.0,1357344000
A2ASX8RGDVFNOG,0972683275,4.0,1376611200
A3D1X3ZYUWR0Z9,0972683275,5.0,1346198400
AYNGELTTLBXVN,0972683275,5.0,1366588800
A3NMAV0XRHOS1U,0972683275,5.0,1357171200
AIGTSPP6PLJJW,0972683275,4.0,1350172800
A3TF6PPEYAQ1KX,0972683275,4.0,1361404800
A2MJNFUQS2FG92,0972683275,5.0,1355616000
A37Z3QW5ZDJLSZ,0972683275,5.0,1389571200
A21DCEYSAP2KM8,0972683275,4.0,1342569600
A2UZQ5I2XLQYXD,0972683275,5.0,1361750400
A2I8I2LLVE9U6G,0972683275,5.0,1388102400
A39Z4OU2C7ENWH,0972683275,3.0,1328572800
A1UJX9NC57TW5N,0972683275,5.0,1354579200
A1FQOCN6SNXNG6,0972683275,5.0,1342915200
AY7Y69EUL5GGL,0972683275,5.0,1394323200
A31QWH1JR60A5F,0972683275,5.0,1371427200
A2C0L77SWTXMOV,0972683275,5.0,1364083200
A2E5IK9TUH8UPD,0972683275,4.0,1331078400
A3QWCGS4OS44UP,0972683275,4.0,1390435200
A3UBY3ND3TTNL3,0972683275,1.0,1323907200
A3TBIJHR03ELEQ,0972683275,4.0,1388707200
AX3OXHFIKAE4R,0972683275,4.0,1395705600
A3QRE0I5HSC332,0972683275,4.0,1367798400
A1C55HT82Y70AE,0972683275,4.0,1398384000
A1EJKPTGO474WN,0972683275,4.0,1333584000
AEQR0VUFBZXUY,0972683275,5.0,1363737600
AKBZI91RTIXM6,0972683275,4.0,1380931200
A1XQEYP8NDJIGH,0972683275,4.0,1340755200
A1VL1D97E9PJGX,0972683275,5.0,1356566400
A2RHDVCXQVFFXM,0972683275,5.0,1375660800
A32QNTFPVVY3P4,0972683275,4.0,1306281600
A2HG19HOW4IZ7L,0972683275,5.0,1320969600
AGZ1HS2KBSFRG,0972683275,4.0,1392076800
A1NOPFD9YTMXHB,0972683275,4.0,1393545600
A1CWI7TXJW674Q,0972683275,5.0,1367971200
A11XEQWME3DHFF,0972683275,4.0,1358899200
A2S089YNV6Y2D1,0972683275,4.0,1384214400
A2SKYCFKIOGG19,0972683275,5.0,1388707200
AL4WX7LL4ISYK,0972683275,4.0,1395187200
A3OTY3KB4OG9FO,0972683275,1.0,1397088000
A1BMBZNUA3H10M,0972683275,4.0,1366761600
A1HYHOBZPJKY1I,0972683275,5.0,1317254400
ALP4IUKDBJ0EO,0972683275,5.0,1391817600
A3GCTN5ZPQT657,0972683275,5.0,1382227200
A13BWQDECDDVIZ,0972683275,4.0,1296950400
A1M7VPG9Q6JEO8,0972683275,5.0,1346457600
A20UDOT1F361T2,0972683275,5.0,1325980800
A25I5Q55UL8MT3,0972683275,5.0,1351382400
A3UA6U3K0R6PDY,0972683275,5.0,1322524800
A12XCRHPREC51Y,0972683275,4.0,1371427200
A1QBVPRRBYL5US,0972683275,5.0,1386201600
A3QPJS71FU70MX,0972683275,4.0,1380240000
A1HAF9KEUQHT5F,0972683275,5.0,1356048000
A2PCG95PZLF92Q,0972683275,5.0,1356566400
A28DLVVZMHTAPN,0972683275,5.0,1388275200
A34895BBYDUOG7,0972683275,5.0,1325548800
A1SS291G5X84WC,0972683275,2.0,1362960000
A1RPEK98P97J7W,0972683275,5.0,1359504000
ABBPDSBNGEYRU,0972683275,5.0,1345420800
AYKXABHFBFGJX,0972683275,2.0,1336694400
A1B8LOW1DH3HZY,0972683275,3.0,1366848000
A17PJXD7YBSD8F,0972683275,5.0,1390780800
A36VRTU7YUGH39,0972683275,5.0,1360454400
A2A3B0JX2JRS6S,0972683275,5.0,1379462400
A1ZPEZMQBCTZQN,0972683275,4.0,1384300800
A2OGXHE7PVLTOE,0972683275,4.0,1324080000
A3OYE7X2O08LNT,0972683275,4.0,1360195200
A1RKIVV5VR3RJ8,0972683275,4.0,1293408000
A31KBWBVXWUCSR,0972683275,5.0,1288310400
A1KECIKIWDB4HH,0972683275,4.0,1282867200
A2YIXN1SNPWV0A,0972683275,4.0,1341360000
A2LR9WP2JGDT8E,0972683275,2.0,1355702400
A1TSQF40H4MIWM,0972683275,5.0,1402790400
A3DBMXKKJMO910,0972683275,5.0,1324684800
A23AF9X5323ME3,0972683275,3.0,1295222400
A18FTRFQQ141CP,0972683275,5.0,1332028800
AE1L7FJUVT661,0972683275,5.0,1354924800
A1M17ZTK354P6Y,0972683275,4.0,1369353600
A3D8NXND1ALT91,0972683275,4.0,1366416000
A1XEYWWDJ09OEA,0972683275,4.0,1297468800
A2JMN2JA9LSHVL,0972683275,1.0,1354320000
A3ATF868IEP191,0972683275,4.0,1360540800
A1YQJNKIMRBU1M,0972683275,5.0,1370563200
A2D6D5MUX0SP2H,0972683275,5.0,1393718400
AXREKH8MC9S3X,0972683275,5.0,1384128000
A3VZ53R6F842QZ,0972683275,5.0,1319587200
A14O9P3DV5EHKO,0972683275,3.0,1359331200
A27WRC8KIFFTWS,0972683275,5.0,1362700800
AVHB9LLVCTEKY,0972683275,5.0,1375142400
A1BFGWPAR3XE0Y,0972683275,5.0,1391472000
A38IZ9GUFJ28AP,0972683275,5.0,1333497600
A153SN02P05UXE,0972683275,5.0,1391731200
A3F9NDKO3GFOCH,0972683275,5.0,1319328000
A1KI8R3FT71PPK,0972683275,5.0,1346198400
A38KYGIUKF2MFU,0972683275,5.0,1290384000
AIJWAL4ZGCK2F,0972683275,5.0,1317513600
A2GPNXFUUV51ZZ,0972683275,5.0,1395878400
A3CLWR1UUZT6TG,0972683275,5.0,1373587200
A12ZCHX2T8Z952,0972683275,5.0,1326153600
A3GJT8MVRII6PJ,0972683275,5.0,1386374400
A38DTJURWNUQTZ,0972683275,5.0,1296432000
A1V8UZ63FQD382,0972683275,5.0,1376870400
A2IKPO861L8O90,0972683275,5.0,1392076800
A3Q7DHKIU7TMBI,0972683275,4.0,1357171200
AT138NK1P69KO,0972683275,3.0,1337040000
A2ACJSHEC2RZVZ,0972683275,4.0,1360281600
A28INZ2FGLBOZO,0972683275,4.0,1362614400
AOOQGCJEV25VT,0972683275,5.0,1355184000
A2IRDF393ZKDN8,0972683275,5.0,1297382400
A24OHQK700QEIW,0972683275,5.0,1335916800
A3T3M5EYGCWSUA,0972683275,5.0,1309564800
A17TBWDFNK675R,0972683275,5.0,1325116800
A3P5CV06QLXGRF,0972683275,1.0,1324857600
A1P7CE4XXWG8WJ,0972683275,4.0,1323302400
A1PUB1SLAFU555,0972683275,5.0,1373414400
A5ABV0IOAM9YO,0972683275,5.0,1386720000
A3SWF9UXQAEK9Q,0972683275,5.0,1372291200
A24NAL80DJU0B8,0972683275,5.0,1349740800
A1WI6CDE40JSDZ,0972683275,5.0,1356912000
A1V4GFB3HKFZ2T,0972683275,5.0,1346716800
A2K4HQA1K0CVGP,0972683275,4.0,1323043200
A2HWFK6TC9SGV,0972683275,5.0,1359331200
A2EPTJFNJSHUCU,0972683275,5.0,1387670400
A38FGQVJM18OWV,0972683275,1.0,1291161600
A1CA40102FA5N0,0972683275,5.0,1395446400
A3586I23X68J59,0972683275,5.0,1284508800
A3TH91PK3IABQU,0972683275,1.0,1312588800
A22E1RM28FZZP2,0972683275,5.0,1335225600
A12PFARGH9ELDI,0972683275,5.0,1377734400
A20RYSHYDK9M6,0972683275,4.0,1288656000
A16Q3CV7TCFO4E,0972683275,3.0,1326153600
A1P560UNX4SBE7,0972683275,5.0,1382400000
A28RVT20CEXA8B,0972683275,4.0,1295654400
A27OMVFGJXH1VB,0972683275,5.0,1360886400
AHJJYGJXJ346V,0972683275,5.0,1340236800
A2CDG7JEL4W6IC,0972683275,5.0,1396828800
A19KHPSLJQ1UKY,0972683275,5.0,1323475200
A3E4YU6APQLRKE,0972683275,5.0,1384646400
A2NOHYNZCZ2NW4,0972683275,5.0,1392076800
A11NLVWA0MTSGH,0972683275,5.0,1284854400
A2YJHOCQJJCD6L,0972683275,3.0,1361750400
A9MZROA9WNRJT,0972683275,4.0,1366761600
A34DGHJJFSSN8X,0972683275,5.0,1359244800
A1GLHE8QE65D0W,0972683275,1.0,1340668800
A11SX0QI0EFZY0,0972683275,5.0,1384041600
AQNQ3Y8AK04GQ,0972683275,3.0,1315267200
A3F6E9FYLZ7MXZ,0972683275,5.0,1387497600
A3D9JOLPWI3SSL,0972683275,5.0,1338768000
A39K0PHF85UU2O,0972683275,4.0,1364947200
A13W1XKMRMF43T,0972683275,4.0,1314057600
A4PRLL18Q4TE1,0972683275,5.0,1399248000
A21532E0LDLKPD,0972683275,4.0,1287360000
A2Q9HI52XRHPYB,0972683275,5.0,1364083200
A2ANB0YF7J5VBB,0972683275,5.0,1396396800
A1HJMUCKBJ38XL,0972683275,5.0,1314748800
A17EAU0WHA1A4N,0972683275,5.0,1374624000
AVTEOX99BMGZ,0972683275,4.0,1330819200
A3PPDNV08DDMUY,0972683275,1.0,1347321600
A20IY0H76J8ICM,0972683275,4.0,1288483200
A1PV9NZBPCKSG2,0972683275,5.0,1352419200
AOJBRLPBX7JIX,0972683275,5.0,1325548800
AQGSAZBQTA4,0972683275,2.0,1388448000
A27W2XD4XB3GIR,0972683275,5.0,1358294400
A1YCH6MMPBKC2O,0972683275,2.0,1335916800
A3GRZJH6281WN6,0972683275,5.0,1361491200
A1N4DKWTQ9YP1Q,0972683275,5.0,1359763200
A30F26L0LWNE9I,0972683275,5.0,1336089600
AD0VA39FRVNKN,0972683275,5.0,1360627200
ABM9CL72EGWKN,0972683275,4.0,1383782400
A1SUS5G1DY6WUM,0972683275,5.0,1305244800
A20IOFDX45NZET,0972683275,3.0,1403481600
A1WHCQQ1016OC4,0972683275,5.0,1404604800
A2WZWY5MQTXO0R,0972683275,5.0,1332028800
A3KR19BIVGUK9P,0972683275,5.0,1401580800
A1N99F2Z4F01RG,0972683275,5.0,1369008000
A2WZ2FO4LNOBLD,0972683275,1.0,1344124800
AKOB0AC7H4RHN,0972683275,1.0,1325635200
A29GANDIIX0H4Y,0972683275,1.0,1322611200
A14RTWD2KSOEOD,0972683275,5.0,1366156800
A3DBA3N3MTQDB2,0972683275,4.0,1404691200
A3A7ZJ4QS65X15,0972683275,3.0,1360281600
A3GL86VTKP3OL6,0972683275,5.0,1367971200
A6ZGUVQLM93MC,0972683275,5.0,1340323200
A23LAEGOPQR4BB,0972683275,5.0,1364774400
A6IZS2U4RFJSY,0972683275,4.0,1342483200
A2E62IBKN9OV3S,0972683275,5.0,1377561600
A361FG8C13FB99,0972683275,5.0,1389052800
A110S8IJ3ZID0D,0972683275,5.0,1388620800
A11NR4AJK9TNQM,0972683275,4.0,1311552000
A3CWU14LXQQTL,0972683275,4.0,1360108800
A2VN9A89NJ9TPZ,0972683275,5.0,1388707200
AY9QGJVGN3P67,0972683275,1.0,1294531200
A13M65IGNEQXW1,0972683275,3.0,1359158400
ANWW7PT6Z6MHD,0972683275,5.0,1265500800
A180BZHVJIRWBZ,0972683275,4.0,1319241600
A31FNBHNC19QX6,0972683275,5.0,1388620800
A2DDPTOS7XXBUY,0972683275,5.0,1390176000
A1R2514DVWIIMV,0972683275,4.0,1293408000
A1KM3IPZ9H0JKZ,0972683275,4.0,1390867200
A3HF257LGTGOTS,0972683275,5.0,1386288000
A6R43EXZGQ1I0,0972683275,5.0,1292371200
A33RU0BLKE4YWA,0972683275,5.0,1367366400
A26ADM56C8D660,0972683275,5.0,1357084800
A11D842ZBM7QAD,0972683275,5.0,1298678400
AZ6SUJ5T0KBE5,0972683275,5.0,1374451200
A2EZPD81ACVMOO,0972683275,5.0,1361232000
A284PZTO3H9FEN,0972683275,5.0,1371686400
A7EVWY97FPSIA,0972683275,5.0,1355097600
A8XWBF2NFDRC3,0972683275,2.0,1365465600
AHKKH5P9OXXMG,0972683275,5.0,1332115200
A3BLAOR6MEE9YO,0972683275,3.0,1343088000
A1N0MVWRW4JI84,0972683275,5.0,1357862400
A30IEZ3Y1GC6D7,0972683275,4.0,1377388800
A14ZMA7222WU6F,0972683275,5.0,1341878400
AN4PWA7694PFT,0972683275,5.0,1331683200
A2RELVDY2PSZHD,0972683275,5.0,1350086400
A33TFX6J52RLYP,0972683275,4.0,1335916800
A222PTRQBKQKX6,0972683275,4.0,1384732800
A1VM0DU10K0DE6,0972683275,5.0,1379462400
ACS5A8NRVRQ8M,0972683275,5.0,1392768000
AMZPGSUL2HJMQ,0972683275,4.0,1291680000
A1ELV5JOVFMNOV,0972683275,5.0,1372550400
A1X7SF8S7VRCVH,0972683275,4.0,1322438400
A3F0Y83DVO5TIY,0972683275,5.0,1379289600
A19A4GQJW67VOD,0972683275,5.0,1373155200
A1VA1QF8KZNBLL,0972683275,5.0,1293580800
A36ZD92R4M2NZ9,0972683275,1.0,1374192000
A1LSU3ES5R6WLN,0972683275,5.0,1380067200
A2BG2OS6UJK297,0972683275,4.0,1335312000
A19QVO6ZINIZHS,0972683275,5.0,1358035200
A1QKUDP9EUHJXH,0972683275,4.0,1367193600
AELFAZJYOP332,0972683275,4.0,1360108800
A29Y8MLKEZILVU,0972683275,5.0,1380672000
AV2AZD7ZIBC3L,0972683275,5.0,1289260800
A3W2CPHVD6E5QR,0972683275,5.0,1384732800
A3UTDVL4CPYCTW,0972683275,5.0,1372204800
A3TAS1AG6FMBQW,0972683275,5.0,1353456000
A20EHH02K9S2UZ,0972683275,2.0,1368144000
A1WXU0BY2L7ZL9,0972683275,5.0,1286150400
A3QTXADA24F55O,0972683275,5.0,1360627200
AYRACCER8JXU1,0972683275,4.0,1386460800
A2T4OX8NH9LIIC,0972683275,5.0,1358553600
A3VSGMP5KCQ4Q2,0972683275,5.0,1366243200
A1QKKD813YA5BJ,0972683275,5.0,1360454400
A2RUN82QPU60PN,0972683275,3.0,1362700800
A2W75LE521OOTH,0972683275,5.0,1355875200
A1PYNMFFQ9IBNL,0972683275,5.0,1355702400
ANJY75Z24A6AG,0972683275,5.0,1363305600
A16PP857J4AKLB,0972683275,5.0,1375315200
A1RDICEF7NSVHV,0972683275,4.0,1293408000
A2HOKNSVG9MMT8,0972683275,4.0,1288483200
A1KFWYUVIPJTLQ,0972683275,4.0,1359936000
AYYNNAEWP3W5Y,0972683275,5.0,1322870400
A2XXCJLS58H1A7,0972683275,5.0,1376092800
A3DOQ1AI1MU74K,0972683275,4.0,1320883200
A51C3CTWY2J23,0972683275,5.0,1391990400
A2NBPR4M3MFKKI,0972683275,4.0,1352764800
A3CAGSLL6VIX76,0972683275,5.0,1356566400
A1UEU41SCOKU8D,0972683275,5.0,1362700800
A111UHA2H22XE7,0972683275,5.0,1387497600
A1Y0Z0D0EP753W,0972683275,5.0,1351036800
A11YUH1WVD236C,0972683275,3.0,1336694400
A1UDBJBAR7516G,0972683275,5.0,1356220800
AN4QU8ON7JUK9,0972683275,5.0,1382140800
A3GF7FD6065R2H,0972683275,5.0,1360972800
A6VR7MFCELNU6,0972683275,5.0,1356739200
A3DH6A4TTKGTPW,0972683275,5.0,1365120000
A2OGRLHZZWF411,0972683275,5.0,1341878400
A123IFV7Z2V1DU,0972683275,4.0,1394409600
A12JT6X3FXE06J,0972683275,5.0,1331769600
A2I87F2QCJ6RK3,0972683275,3.0,1358899200
A3B55PW1W6B17P,0972683275,5.0,1325030400
AJ2QOQPGKJUFF,0972683275,4.0,1334188800
A2EOJNVW4NF4AE,0972683275,4.0,1300665600
A263OQLPKEXPF1,0972683275,5.0,1380153600
A18BV86D2IV4KH,0972683275,5.0,1356566400
A4AUP9IZ38BUL,0972683275,5.0,1324857600
A3S7Z3RXO7HC1U,0972683275,5.0,1377734400
A1XREVVFVB6ZRY,0972683275,5.0,1329436800
A181ZV0355JPY6,0972683275,5.0,1322092800
A241HAACWTVY30,0972683275,5.0,1384646400
ATXHGENR16TFT,0972683275,4.0,1326844800
AQKPJKYY7VLPZ,0972683275,4.0,1401753600
AB31FF0JMPOUP,0972683275,5.0,1386633600
A10S9NK38WEQ65,0972683275,4.0,1389052800
A1WR5GC0TCUVC,0972683275,5.0,1320105600
AK514FAJ3YQSV,0972683275,5.0,1390348800
A56AUIA2KJ3KQ,0972683275,5.0,1355443200
AAX362ILQQEY4,0972683275,5.0,1368057600
A2OEVTBSZTURWZ,0972683275,5.0,1385942400
A22UL4BXTSXSCB,0972683275,4.0,1374192000
A381YBD6RB2KW9,0972683275,5.0,1372204800
AD3L2C20LB7EP,0972683275,5.0,1303084800
A14V89LNZUNDVX,0972683275,5.0,1297641600
A39FZ5UWBN99VP,0972683275,5.0,1379462400
A2GEC96F86XNCC,0972683275,3.0,1325203200
A2UT34LEOXUR33,0972683275,5.0,1374278400
AL635KJYMZ71K,0972683275,3.0,1356307200
A27CCNUN2ZZ7L,0972683275,5.0,1389312000
A1XN02NMD3EM8H,0972683275,5.0,1361923200
A1C1SR200MSJUM,0972683275,4.0,1351555200
A22TFR5ELFDG50,0972683275,5.0,1207526400
A8VNC6541C6Z9,0972683275,5.0,1324944000
A10TQRXANRYQ6D,0972683275,5.0,1291161600
A2HMH7WZ7U3M6T,0972683275,4.0,1294012800
A2QVJ0IB5X7I3S,0972683275,5.0,1293753600
A17VYZM1SAX9BR,0972683275,5.0,1363910400
AOARGQDECYFJ8,0972683275,5.0,1373068800
A2WFT646E4IYNK,0972683275,5.0,1358985600
A39KBWLS6TURMR,0972683275,5.0,1334966400
A16W4IDX9O70NU,0972683275,4.0,1383868800
A20PJM69ERA9CA,0972683275,5.0,1394928000
ALVJCD5NY28G4,0972683275,4.0,1292803200
ATWPVC644K29Z,0972683275,5.0,1370822400
A2CJH05NQX7BD7,0972683275,5.0,1289520000
A2LME30OB5OHTN,0972683275,5.0,1335484800
A1EWQ5Y6HHSJGX,0972683275,5.0,1386460800
AK4A0WP71RIG0,0972683275,4.0,1322784000
A120ULF73SUTI9,0972683275,4.0,1363305600
A4AF29Y2BHYEY,0972683275,3.0,1376784000
A6FGKXU6ZPW64,0972683275,5.0,1390953600
ADSRJY1DRPL6Y,0972683275,5.0,1371254400
AKSRGI790QOOT,0972683275,5.0,1388534400
ANSFLSQ5F6F2G,0972683275,5.0,1390780800
A1QPW8EFCNQJB6,0972683275,5.0,1360540800
A3DVV9V489ITBE,0972683275,2.0,1354406400
AA24EMYGLX593,0972683275,5.0,1358985600
AQV240XF36FSX,0972683275,5.0,1317168000
A3OTEWNG0JOIIE,0972683275,5.0,1367712000
A3K8DR8H1T9N42,0972683275,4.0,1374451200
A2IZ0CCB5OJI95,0972683275,2.0,1382659200
A3CG50NHWGH5H9,0972683275,5.0,1376784000
A1463ASM7QMU2I,0972683275,3.0,1326412800
A3L61LOQ3YR4AO,0972683275,5.0,1370649600
A1LE0TJ3UYVV7X,0972683275,5.0,1387238400
AIWE3KTYZ9RQ4,0972683275,5.0,1355702400
AKAOH4DGKSCP1,0972683275,5.0,1315958400
A2ALRD1DZHX7ZY,0972683275,4.0,1390089600
A1DPTFY0G6P7SY,0972683275,2.0,1355097600
A1RJTUPD2F4GCX,0972683275,1.0,1327363200
A28N5MLYX9Q8ZN,0972683275,5.0,1380412800
A9UFBRZV2I3U1,0972683275,5.0,1318550400
A2BLGQ2SCSKCCY,0972683275,5.0,1358812800
A2QAPBQOLC5MPM,0972683275,5.0,1403395200
ATWBLNW9VXQW0,0972683275,5.0,1383868800
A2GN3D3HXQI3BF,0972683275,5.0,1356652800
A2FC0JI1EDAAJF,0972683275,5.0,1380844800
A21OS6PWQG5YOO,0972683275,5.0,1337904000
A1OYA1IESSJ8F6,0972683275,5.0,1390262400
AA81KFW4X8UIH,0972683275,5.0,1360540800
A3QSU7RSCS2JLK,0972683275,5.0,1372377600
A2G3KD3TIN53N2,0972683275,1.0,1287187200
A36ATQRF014CAH,0972683275,4.0,1372118400
A35KCAUAE99I3Y,0972683275,3.0,1328400000
ALSYM9GTZ8E7A,0972683275,5.0,1370476800
A4035XND6J8CS,0972683275,5.0,1366934400
A2LTW5O60G852G,0972683275,5.0,1384387200
A317RWPY08I5QX,0972683275,5.0,1383523200
A3S8Z7UF9OQ1PU,0972683275,5.0,1402790400
A2E0H4X2BCILP6,0972683275,2.0,1288396800
A39WT88YZXIJTB,0972683275,5.0,1395705600
AP91TRN3KDIRH,0972683275,4.0,1296777600
A3UYI01GLEYZSP,0972683275,5.0,1361232000
A3JTK3K0PXFFT5,0972683275,5.0,1395532800
A2I8T047ZTHHRZ,0972683275,5.0,1394064000
AP7LSRPXT3ZL8,0972683275,5.0,1357171200
AP3XMM1077I50,0972683275,5.0,1385769600
A10MC5C359B1T7,0972683275,5.0,1360195200
A1X1DS4OWX7WJK,0972683275,3.0,1310688000
A1GJHLL1Y090P5,0972683275,5.0,1289692800
A1TTW3G7D18GS5,0972683275,5.0,1359244800
A2FF6SG2Z15WY8,0972683275,4.0,1395705600
A1EHAX7WGEJFEV,0972683275,5.0,1372636800
A2N7FW352FF8AQ,0972683275,5.0,1301875200
A2DNXSCB3JXGY2,0972683275,5.0,1395100800
A1C71KC23S7YAZ,0972683275,5.0,1360713600
A1OO47RRQ4I29R,0972683275,5.0,1360540800
A2DEU0B3AUINV9,0972683275,5.0,1263168000
AE8R1JSMJYIU,0972683275,4.0,1228694400
AC4HGDV9303YH,0972683275,5.0,1393027200
A2FXM6UKGH1WFE,0972683275,5.0,1328140800
A1038957GWRBP375RU5T,0972683275,5.0,1353542400
AU2KDGQQKTCJ0,0972683275,5.0,1355529600
A1GOBWZGW5KTYG,0972683275,5.0,1352937600
A7R4R9THNELTP,0972683275,5.0,1285804800
A2RU0H9MD4IH5M,0972683275,5.0,1367107200
A3MAKX14WHMXXK,0972683275,4.0,1325116800
A2U9XX4Q5NQBG6,0972683275,5.0,1393459200
ADM5RFAZ3LWDF,0972683275,5.0,1358380800
AVNNI39RQMZPG,0972683275,5.0,1398988800
A1AH0XJN1VCRQZ,0972683275,5.0,1355443200
A20P7YTMB5UGSM,0972683275,5.0,1337040000
A5DT620AT9LAT,0972683275,5.0,1345593600
A1PU4NJBB1UU33,0972683275,4.0,1317945600
A2465OVDXMXNGZ,0972683275,4.0,1400025600
A1M6DES3E3CLW2,0972683275,5.0,1330732800
AEVGI82M8PECC,0972683275,4.0,1323216000
A1P31CO3L42CH1,0972683275,4.0,1298505600
A1743UQ12BFP3F,0972683275,5.0,1340409600
A2AJB67RIHEXIM,0972683275,5.0,1373155200
A16WXV8ANSR36O,0972683275,5.0,1393977600
A142B3JN06ZBOD,0972683275,5.0,1366156800
AUSMGD8LVU7D2,0972683275,5.0,1363824000
A3OA5H4NRLI7MU,0972683275,5.0,1375142400
AC641L63OT64F,0972683275,5.0,1329350400
A1SMK2N4JHOWLT,0972683275,4.0,1340582400
A1UAP0NDDZE7RV,0972683275,4.0,1375401600
AM3IQNMF60MBU,0972683275,5.0,1333065600
A1AFORE8L2LGGW,0972683275,1.0,1356652800
A212REVB5AFP02,0972683275,4.0,1394064000
A3SXYB8JPQ44LN,0972683275,4.0,1342483200
A2AQ5NSE7ALLOF,0972683275,5.0,1365120000
A11BKLWVWL7Q2J,0972683275,5.0,1382486400
A3LSVS4YA2CEAX,0972683275,3.0,1382313600
A2X2ZMSYYCL1A1,0972683275,4.0,1378080000
A1SIV0P0QLCP3X,0972683275,5.0,1394928000
A3TAT80JCWYGB4,0972683275,5.0,1389052800
AJ97HDK7RH9VW,0972683275,1.0,1327190400
A2KUEGMSLHUNNP,0972683275,5.0,1353974400
A34XHTETLN5WHD,0972683275,4.0,1360108800
ATNJBDID1K17N,0972683275,5.0,1400112000
A6UFYXM3VDZ,0972683275,5.0,1315958400
AVCM37Q6TKOAG,0972683275,5.0,1381363200
A2UKT5SQR9EI7U,0972683275,5.0,1404345600
A2AU7WTTTWU4H0,0972683275,5.0,1392768000
A3V2D9KAJK16X,0972683275,4.0,1363910400
A204YNL8K5AOU1,0972683275,5.0,1386979200
AU6SV4IPYQ10P,0972683275,5.0,1400198400
A5CFCTKIURGA4,0972683275,5.0,1360713600
AZM8PD2KBVXN5,0972683275,5.0,1391817600
A2RX1JTBIIB4T7,0972683275,5.0,1390262400
A030530627MK66BD8V4LN,0972683275,4.0,1359676800
A3HVBGFQGVKEN6,0972683275,5.0,1389312000
A3D37SX2JYWQAD,0972683275,4.0,1375833600
A2YF3QW52PBL3C,0972683275,5.0,1357776000
A7V9WIUIB02OI,0972683275,4.0,1380844800
A2MZYIGRUMSJKH,0972683275,4.0,1365379200
A3NTL6NCDLA064,0972683275,5.0,1394668800
A2EJTJJ6WCE8TC,0972683275,5.0,1347062400
A1E5AP6REAVJ2,0972683275,5.0,1398556800
AM178A0W4L6TT,0972683275,4.0,1344038400
A2Q2FQ4X99I9HN,0972683275,4.0,1295395200
A2JZGIDQ8RD9O7,0972683275,4.0,1356739200
A3I63PQL34GPRJ,0972683275,5.0,1359072000
A2TOUTL6Z74SMQ,0972683275,5.0,1305590400
A3MIAO5MG9ESMO,0972683275,5.0,1360022400
A8THC8D64F5E3,0972683275,4.0,1364428800
AY0D7YV22WO7Y,0972683275,5.0,1367107200
A6MHD7SKZ1OJO,0972683275,3.0,1347667200
A1K8NFAW926KCG,0972683275,4.0,1350259200
A14HG36I5AKTVF,0972683275,2.0,1360281600
A1XK4O47V918TK,0972683275,4.0,1330992000
A1WNIOPMTGGTCS,0972683275,4.0,1332374400
A26VDAZZG2BO27,0972683275,5.0,1379808000
A2077DSWGE0ELT,0972683275,5.0,1358035200
A167ZKQMOK3QVQ,0972683275,5.0,1360972800
A3SK1V2XAMFU4J,0972683275,5.0,1356307200
A171QI6IDL6T5J,0972683275,5.0,1321833600
A3NFXPE2SP2NDC,0972683275,5.0,1372118400
A1RI8HAZRUWZM6,0972683275,5.0,1384041600
A2S2IJJLGCXTAD,0972683275,5.0,1324166400
A3IZFW84VV75XS,0972683275,5.0,1365465600
AIIZ3D0BQS7CR,0972683275,5.0,1358812800
A3AKVALGT4Y02G,0972683275,4.0,1203379200
A2I8J6GW1H6LWU,0972683275,5.0,1285459200
A174LMEP27Q3H9,0972683275,5.0,1387670400
AY796UUSZ2ZVA,0972683275,5.0,1346803200
A2NBPI1022XD6X,0972683275,5.0,1355788800
A14GJVRNRLDG84,0972683275,4.0,1365811200
AY1Z6EFM02DSU,0972683275,5.0,1393632000
A2NOXTG05AHVB3,0972683275,5.0,1372377600
A3MNCZ1RE5TIRI,0972683275,5.0,1362355200
AXBCUEOWEL49V,0972683275,4.0,1321401600
A3QRS9HM9LD3A,0972683275,3.0,1365724800
A2INJ5ZNSHUE9R,0972683275,4.0,1295654400
A3QFR6XRJ89EGZ,0972683275,5.0,1363910400
A2KR372GZW00MJ,0972683275,4.0,1386547200
AZO3DZAJ8S0D9,0972683275,5.0,1389830400
AH8Q45LTCQCFJ,0972683275,4.0,1292371200
A1NFUURN2RV9GT,0972683275,3.0,1391990400
ALUZVJS4G2J9Y,0972683275,5.0,1386028800
A25RWGRTI45P88,0972683275,3.0,1344729600
A2XKV52LF7ERZL,0972683275,5.0,1312761600
A19ZTSSP46BUFE,0972683275,5.0,1289779200
A2BLRT79WUTLXW,0972683275,3.0,1393372800
A3PR648T8RDRS,0972683275,4.0,1344988800
A18YDKJ6MLVYZL,0972683275,4.0,1287273600
A39LNFWIZZT0VW,0972683275,5.0,1383696000
A6TWN9W9WSAV0,0972683275,4.0,1356912000
AU1I7HEEZJCSY,0972683275,5.0,1356566400
A16Y72DRF7ITNB,0972683275,3.0,1321056000
AZFF4CX9MQ4AE,0972683275,5.0,1385164800
A8TH161HDA2FL,0972683275,5.0,1363478400
AH7DLKHSGZKCR,0972683275,5.0,1363996800
A2HI35H2BOCV9R,0972683275,3.0,1301356800
A11IFJDOZ0T6Z2,0972683275,3.0,1358640000
A11X5KB2AFYGBX,0972683275,5.0,1360627200
A15K7HV1XD6YWR,0972683275,1.0,1360713600
A1HMK1KMWQBDTT,0972683275,5.0,1387929600
A235DJF7AEYJFQ,0972683275,4.0,1361491200
A1PZ1UEVHMNS18,0972683275,5.0,1364083200
A27B2NA4IKY3P8,0972683275,4.0,1381622400
A1S8E2JSVXHIPB,0972683275,5.0,1378857600
A2QBJEHKTD7R6O,0972683275,3.0,1377734400
A2LVJDTDXIIY84,0972683275,2.0,1291507200
A2J13NR5GB8GYO,0972683275,5.0,1353801600
A6D7R8LLIC3FO,0972683275,5.0,1394841600
A3S1BO0SLFC5H,0972683275,5.0,1377043200
A3DKC72AYVYT6T,0972683275,5.0,1296432000
AZ3DVRQOQMC59,0972683275,5.0,1368489600
A2Q6I168BPOUSM,0972683275,5.0,1395705600
A1P9S4MYB15O0K,0972683275,5.0,1397347200
A2M3CN7OC6ADPG,0972683275,5.0,1360108800
A2BNYSMW3UFKS8,0972683275,5.0,1389052800
A1DNACCKWV41IY,0972683275,5.0,1325203200
A81NVWL4MMVT8,0972683275,4.0,1380326400
A3BLYMV1UIDWU9,0972683275,5.0,1356566400
A19NI7EG704QLJ,0972683275,5.0,1318809600
A29N5GAYTJUFQM,0972683275,5.0,1382054400
A3EP4YIS9W1LR1,0972683275,5.0,1358121600
AHPRCZ59P9RU0,0972683275,5.0,1294704000
A1JRWN50MPG8EH,0972683275,2.0,1362960000
A7G5TA2C9IGSE,0972683275,5.0,1287100800
A38LYJ7NQ65G5L,0972683275,5.0,1391040000
A6GYEDCEU2LKG,0972683275,5.0,1304553600
A20WKO5G1YTC0H,0972683275,5.0,1369785600
A1C9DXCM6QF5XQ,0972683275,5.0,1367193600
A21NLR9Z1MC7P8,0972683275,5.0,1352332800
A3TCV19D652GPU,0972683275,4.0,1366848000
A1IMCM3OSZFPQK,0972683275,5.0,1361750400
A2X1JGIN31F8WP,0972683275,5.0,1287792000
A12CEA80W6MZL3,0972683275,5.0,1374883200
A3526XYYY8DE8J,0972683275,5.0,1302825600
A1N7QSP1U513KJ,0972683275,5.0,1361059200
A3FZ6D8NP9775P,0972683275,5.0,1358035200
A3OA1X9RC25X4B,0972683275,5.0,1391990400
A1BV6SSYN6ITUD,0972683275,5.0,1323388800
A2ML1ZBZ75I058,0972683275,5.0,1359590400
A2BQ69HXT2EZ5E,0972683275,4.0,1333411200
AQIBGC2OCCAHQ,0972683275,5.0,1403913600
A3JBRHRYUITFDN,0972683275,5.0,1360022400
ARVMH02CVVJBV,0972683275,4.0,1363651200
A3EIH3FETBO3Z3,0972683275,4.0,1360281600
ADJVSS1OZ4RM2,0972683275,5.0,1372723200
A1EAXVLKPVL8W5,0972683275,5.0,1362700800
A1HMMR78CDCNB,0972683275,5.0,1297555200
A2YO6DRFFWB5D2,0972683275,5.0,1374192000
A32QNGGSX3YTAH,0972683275,5.0,1289952000
A2TYW6QLYACPVL,0972683275,5.0,1377388800
A29OJBE89XRIW6,0972683275,5.0,1381449600
A35AY98EAZ8OB,0972683275,5.0,1353628800
A1IXF1F4DMS1XO,0972683275,4.0,1360972800
AKY4Q90DE9AO9,0972683275,4.0,1372809600
A3LSDUV9HSY66,0972683275,5.0,1363737600
A1FFCR74WU1E6Z,0972683275,5.0,1392422400
A1R4KD3T10FOG0,0972683275,5.0,1392768000
A3HJ888Q5EOO66,0972683275,4.0,1309564800
A1MYNY918JSFCE,0972683275,3.0,1341619200
A2DZQFJ8A43OB3,0972683275,5.0,1393027200
A3VMCFOCPL3R7Q,0972683275,5.0,1359763200
A2C4YXP64SJSDR,0972683275,5.0,1321056000
AL29YSP075B3G,0972683275,5.0,1377820800
A3P1AEV6KGPSYM,0972683275,4.0,1383436800
A2HLEMX0FEQ1YR,0972683275,5.0,1318550400
A3KSID0WUMUHZG,0972683275,5.0,1306800000
A3BM1LI2E1F8P2,0972683275,5.0,1339027200
A2SUMK3BDIUG4Z,0972683275,5.0,1393286400
A39IMVHNMDZU0I,0972683275,5.0,1323561600
A2441IHTNYIN5D,0972683275,5.0,1391904000
A3MTB981M61PNW,0972683275,5.0,1314230400
A1HM9UYHIQ3YM2,0972683275,5.0,1401062400
A2R8ZQ9VJUBTQR,0972683275,5.0,1336694400
AUOF7KMZRE4RG,0972683275,4.0,1312588800
A2GGS3I5BY7R1A,0972683275,5.0,1378598400
A23LZZD5UXRHWX,0972683275,5.0,1362787200
A326UIIB1O2UUR,0972683275,5.0,1394496000
A3AYPQY4EHVW39,0972683275,4.0,1286236800
AAJ0NJL17KRNX,0972683275,4.0,1337040000
A1Z55ZZHFDF4NL,0972683275,5.0,1326499200
A2UIFGA3R5IO2V,0972683275,4.0,1358035200
A3EEOAR6K3UG6E,0972683275,5.0,1326067200
A1MQPFL5EALKU0,0972683275,5.0,1338422400
A2RE73VUCARNE0,0972683275,5.0,1361750400
A10MF6OJK61N22,0972683275,4.0,1365552000
A3KHBD3YRNY5WO,0972683275,5.0,1362700800
A1M1P0Y1GIHMK4,0972683275,2.0,1356739200
A23C1AURSCRZ5O,0972683275,5.0,1286236800
A2GDPXNXVK43KU,0972683275,5.0,1365292800
A2PARH1DUDLWHT,0972683275,5.0,1351987200
A2WXQ8Y5SHCWCY,0972683275,5.0,1357516800
A2MLE5H35UXP2Q,0972683275,4.0,1359676800
A1S6MB867Q8B8S,0972683275,4.0,1377907200
A3VWY3CDC423UM,0972683275,5.0,1359763200
AE3BZ7JJ7W00V,0972683275,5.0,1287360000
AX6PR7CA8DPT7,0972683275,5.0,1359158400
A2YW1PZEMN81Q9,0972683275,5.0,1378339200
A3JJT95MDDK49T,0972683275,1.0,1323475200
A1L7JCX9IKGKIQ,0972683275,5.0,1332201600
AANEB3ICACKM0,0972683275,5.0,1395792000
A14EXDNXP360ZE,0972683275,5.0,1294704000
A1GEN2ZI0TQW5,0972683275,4.0,1355356800
A1H6N17FJZMZ2G,0972683275,5.0,1371081600
AZTC7YC8PKG39,0972683275,5.0,1354838400
A14ERDBXQVVYI3,0972683275,5.0,1361577600
A2ZSX2UA4ATWEM,0972683275,5.0,1390003200
A20WLV3E6PVRQR,0972683275,5.0,1339545600
AXXAD76G1CMC5,0972683275,4.0,1378339200
A2VS1A1GZT60UX,0972683275,5.0,1388620800
A2Y4H3PXB07WQI,0972683275,4.0,1292457600
A2AAR8AVNJNIJ7,0972683275,3.0,1367193600
A2O74NNJK37DCS,0972683275,4.0,1388448000
A14J537H58XBYV,0972683275,1.0,1357171200
A3HAWAR6KX3ENU,0972683275,5.0,1373760000
AQ3SGCLNIPQ01,0972683275,4.0,1376179200
A5HRZY8YFPN8C,0972683275,5.0,1366588800
AOKW9X5VRG1BS,0972683275,5.0,1327881600
AJUAH1PQMVBHW,0972683275,5.0,1385251200
A1P95C3IU271TQ,0972683275,5.0,1358121600
A39G6JO7O8EQXF,0972683275,4.0,1358208000
A7123VSG1OW09,0972683275,4.0,1378598400
ANN30ODGJSEH,0972683275,5.0,1356566400
A2EBPFXZNLL753,0972683275,5.0,1345939200
AURWQWT9DK7LL,0972683275,5.0,1360972800
A2OT9JAC4HOSEG,0972683275,5.0,1354060800
A1OY33KGOG3IX8,0972683275,4.0,1360886400
A1QJ22SXJBZZOJ,0972683275,5.0,1346284800
A2WH3Y3YZVTHY2,0972683275,5.0,1332979200
A7NCGA42VJXSN,0972683275,5.0,1353024000
A133UR2OC00VKB,0972683275,5.0,1369872000
A1E2855QWM2V3X,0972683275,5.0,1331769600
AWTZV8KBOEMVE,0972683275,5.0,1283472000
A114A5MIHM3R6L,0972683275,5.0,1384732800
APTBT66A0Z76A,0972683275,5.0,1304208000
A25Z1DZ5A3ECFP,0972683275,5.0,1378771200
A3945ZO3MNKVMO,0972683275,5.0,1331424000
A3L52N7YVFR5ZO,0972683275,5.0,1384560000
A2UAS6OGCR8IUG,0972683275,5.0,1356048000
A1CWJIHXZJB0XU,0972683275,5.0,1364774400
A15RAS3OFAW410,0972683275,4.0,1293667200
A35MCPGBZK8UY4,0972683275,5.0,1365552000
A2CV4SYG4SL4AM,0972683275,5.0,1325116800
A296RXP4J0WKLI,0972683275,5.0,1361059200
A2ZCB2NHYA4GL6,0972683275,5.0,1326067200
A3LRP51KB8VACW,0972683275,5.0,1400025600
A0293130VTX2ZXA70JQS,0972683275,5.0,1353888000
A3F2F2UXWFGQSK,0972683275,5.0,1348444800
A1BKKEWFMHS7XU,0972683275,5.0,1335744000
A1FGK3N8GZHGZJ,0972683275,5.0,1361404800
A2ZDMIP49N36UJ,0972683275,5.0,1362873600
A14R4K86STZFD2,0972683275,5.0,1375833600
ABU4LUKJU2QOY,0972683275,5.0,1378339200
A2DGVS13XMUNB3,0972683275,5.0,1320883200
A18UFW42IIXMVU,0972683275,5.0,1386115200
ACKMRQGIOE5CM,0972683275,5.0,1311033600
A2X837PZUYO9SP,0972683275,5.0,1365379200
ABFMCMZDV4J75,0972683275,3.0,1354147200
A11ZP93TJED4T6,0972683275,2.0,1285891200
AMUZCYTOQ75PC,0972683275,5.0,1367712000
AFEASK6FJZ8X8,0972683275,5.0,1370390400
A114Z5X6UH93GT,0972683275,5.0,1358553600
A12LBD1IJ8M99Y,0972683275,4.0,1371340800
A1RPOL9OFAQ0E1,0972683275,5.0,1390435200
A237VI9P6R8P1B,0972683275,4.0,1334707200
A1OBZBKACUXUXB,0972683275,5.0,1391731200
A1JTG2AJ38OHKO,0972683275,5.0,1331078400
AE338NNTGECZ1,0972683275,5.0,1339200000
A18L76V7IM7RAI,0972683275,5.0,1367193600
A1VCIN0PAVIZOR,0972683275,5.0,1363046400
A3PLWFLSHYF4BD,0972683275,5.0,1354924800
A267GR678IPW5E,0972683275,5.0,1379462400
A3O2WCP3UM0J7Y,0972683275,5.0,1379116800
A1WBDC76QEJLUK,0972683275,4.0,1355875200
A13VY1C3HIGVRP,0972683275,5.0,1333756800
A23S2XCWFZM976,0972683275,5.0,1388707200
A3TG05J8EU1EDF,0972683275,5.0,1387152000
A3IR82A2D7R7FD,0972683275,4.0,1379203200
A19HA89L528MI2,0972683275,4.0,1361750400
A3KJ0FH0HTQL63,0972683275,5.0,1361145600
A3NL1YLHDPLZ0B,0972683275,5.0,1386547200
A32WZVJGDTSQUO,0972683275,4.0,1379030400
A2V6L4KOFXSBWL,0972683275,5.0,1387324800
A2CTQROHYPPLR,0972683275,5.0,1386979200
A1N9QB2BECD6TS,0972683275,5.0,1386201600
A3016VOUFGS4HZ,0972683275,5.0,1356652800
A11EKN3A8FUEDC,0972683275,5.0,1366416000
A2OPII43CSE742,0972683275,5.0,1320883200
A36E63HV98PZWG,0972683275,1.0,1303689600
A1THJB1ORM3U2I,0972683275,5.0,1377907200
A3FYNZ7N6ZDVOL,0972683275,5.0,1331424000
A2U0W4IQBWBAQW,0972683275,5.0,1384041600
A1G5508T5XY1RS,0972683275,5.0,1353283200
AID9ZOW2HKO35,0972683275,5.0,1370044800
A19TDRIKW64Z6I,0972683275,5.0,1382313600
A2BPGEU4DHZJSR,0972683275,4.0,1399939200
A1KTFQ7F43U7RV,0972683275,5.0,1356652800
A3CUK87U0LV5RM,0972683275,4.0,1356048000
A1AIZOJSKXYNWD,0972683275,4.0,1357344000
A10VA0KMZWDYS2,0972683275,4.0,1379289600
A2J7M7FLA114KU,0972683275,2.0,1326672000
AE3X2ZX6OLZ13,0972683275,5.0,1382659200
APRP1LWB08YG8,0972683275,4.0,1324771200
A16A92HECD45KG,0972683275,5.0,1306022400
A1Z65JCT3CLNBI,0972683275,2.0,1322438400
A4VOWYVSQOL39,0972683275,5.0,1319328000
A3NFNQG4VUCNG4,0972683275,5.0,1339286400
ASFQ9115QA9PP,0972683275,1.0,1315526400
A1NWIXC6GNG2KY,0972683275,5.0,1364083200
A1HBNCPHMW87Y0,0972683275,5.0,1336348800
A1TGX98768Z3Y2,0972683275,5.0,1368921600
A2T0H1GPPYBAVJ,0972683275,5.0,1328054400
A2FSST4YJ9NODX,0972683275,5.0,1367452800
A1QGABHVJY6L8M,0972683275,3.0,1304208000
A38VUSBYQZCKUQ,0972683275,5.0,1374537600
A1USIANZN0PYMO,0972683275,1.0,1326585600
A27K5RT7VDB7BU,0972683275,3.0,1292025600
A1KXONFPU2XQ5K,0972683275,4.0,1341446400
A2XMZYI3B3PDHP,0972683275,3.0,1327708800
A19H6TQ0NFXKVT,0972683275,5.0,1388188800
A3MY0WAP1OB7F8,0972683275,5.0,1337040000
AFIOUVKPBA7IV,0972683275,3.0,1361664000
AQCEXDZDNVJUG,0972683275,4.0,1212969600
A244SB4R5AVWMV,0972683275,4.0,1390089600
A19ZJOA38B6V33,0972683275,4.0,1332028800
A15O3ILEHFZB1A,0972683275,5.0,1329955200
A7TG05TF1FMOR,0972683275,4.0,1329523200
A1IMLITOE76MZC,0972683275,4.0,1292630400
A3485U7LHQVZFM,0972683275,5.0,1326240000
A2PXRAO5C1XTLW,0972683275,5.0,1329868800
A25GV3H63OQHGF,0972683275,4.0,1393113600
A2WKK2DO16AX95,0972683275,5.0,1377820800
A19FCOXA6VVR9Z,0972683275,5.0,1322611200
ATJTU0RLAVW2I,0972683275,5.0,1354406400
ALG0CGEI3NV18,0972683275,5.0,1395014400
A3R0JJANPO4ENU,0972683275,4.0,1373500800
A2FWAYS1GIOEX4,0972683275,5.0,1374364800
A3SNHZN9ERFO8R,0972683275,5.0,1373673600
A2K3WCT5GZY4FN,0972683275,5.0,1389744000
A3POE7XKUTQ1AC,0972683275,3.0,1363305600
A25BHOP1LA4XDA,0972683275,5.0,1388188800
AY13F581HC19A,0972683275,4.0,1354147200
A3AAKN9BN9A3J7,0972683275,5.0,1382227200
A17FC0RVHNBRP8,0972683275,5.0,1341792000
A3A4U1JDHWN0I7,0972683275,5.0,1323993600
A25RTRAPQAJBDJ,0972683275,5.0,1329523200
A1BCDVAWQ48LEX,0972683275,5.0,1395446400
A1NUKIAN0PKVCU,0972683275,5.0,1383436800
A1XOO9S0ODL67C,0972683275,5.0,1365552000
A2XYWC3VW8EOU0,0972683275,2.0,1389744000
A16M85PZ9OVE9R,0972683275,4.0,1376956800
A1USUT1GJPMNAN,0972683275,5.0,1289865600
A3ELO306YV845C,0972683275,5.0,1380758400
AF7C4BF18NJ1U,0972683275,4.0,1389830400
AA1I1ARH33BN4,0972683275,5.0,1390435200
A1LTK10ZAR774J,0972683275,5.0,1358380800
A21FMXVF31CAQL,0972683275,2.0,1358380800
A1OVX40QR93ZRK,0972683275,5.0,1305417600
A3Q2EAAZ1I0QP8,0972683275,2.0,1370131200
A12UKHYCFT8J5N,0972683275,5.0,1337040000
AGY0KH2D5G9WH,0972683275,5.0,1286841600
A2JNRQLKEF6IB7,0972683275,5.0,1316649600
AXDR68DKS445A,0972683275,5.0,1362441600
A2JDDUN6YNRYKU,0972683275,5.0,1325203200
AMTWL4PKJ0RCG,0972683275,5.0,1356393600
AMAR6CIOZUQO4,0972683275,4.0,1284768000
A1IS1QNHOQVMG5,0972683275,5.0,1386979200
A38Y1SIJ6T6AMF,0972683275,5.0,1346889600
A2JRYRYTHLE4AB,0972683275,5.0,1390867200
A2EJE82ZAPP1FM,0972683275,4.0,1335225600
AHWVTOXGM4SZ9,0972683275,5.0,1394064000
A1C00XXCYWEKK1,0972683275,5.0,1355356800
A162MNFD5CGQ03,0972683275,5.0,1392768000
A2C1DKET4P3ADD,0972683275,5.0,1375747200
A3M8V0ZF7H1IQG,0972683275,3.0,1331769600
A169I9NKC6INSF,0972683275,5.0,1374796800
AY1IDZTQDM2D7,0972683275,5.0,1355616000
A1T691B9IS7771,0972683275,5.0,1340236800
A227UZM1I2Q1YI,0972683275,5.0,1357603200
AXZDLFIJQEHJB,0972683275,5.0,1401667200
A299PV3CRFH3C5,0972683275,3.0,1356566400
A1LF1OUBDUFHLX,0972683275,5.0,1375228800
AJZOVL5UW5392,0972683275,5.0,1402963200
A1YFES7V545JUS,0972683275,5.0,1326412800
A37574FXQ9AAFY,0972683275,4.0,1365724800
A32F14G99EFQ0Y,0972683275,4.0,1377907200
ALB2U20GGGJWU,0972683275,5.0,1397433600
A1T9HSDEEX2XOW,0972683275,4.0,1363219200
A2VI7SGZWA9OW1,0972683275,5.0,1396224000
AMIZOLD3M9XIL,0972683275,4.0,1379030400
A35GA5JPQ2YBJW,0972683275,5.0,1394668800
ANT44VMP958BS,0972683275,5.0,1318377600
A25M2X8KHSS2NC,0972683275,2.0,1283558400
A371KJIZOECARJ,0972683275,4.0,1316822400
APMXK2OIRHW78,0972683275,5.0,1352678400
A1XSSIGIY4WGX5,0972683275,5.0,1322870400
A2BN7KPERT09N3,0972683275,5.0,1308096000
A31MYGQGYGVBYH,0972683275,5.0,1354406400
A2ZMEHV9S4FXV5,0972683275,1.0,1307577600
A1KRHIY9NDPFCD,0972683275,5.0,1355702400
A2QXA14SNZTF65,0972683275,5.0,1338076800
A27KAL9Z9X789R,0972683275,5.0,1376006400
A3TGXL7MWJT80Q,0972683275,5.0,1344470400
A216WFBI15Q4T2,0972683275,4.0,1368144000
A1JM94NHL7GWXM,0972683275,5.0,1343088000
A2T04D1PHW5A0H,0972683275,5.0,1402790400
A1UG5BT0QTZSOW,0972683275,4.0,1376956800
AD3PR76VOZNFD,0972683275,4.0,1297468800
A386OQPREUTRMN,0972683275,4.0,1377302400
A3F1E64IYBZQ2J,0972683275,5.0,1325203200
AOKQRXFLXV49I,0972683275,5.0,1394323200
ACAHJSAFWOHR8,0972683275,4.0,1390435200
ACTJUQMDNHD43,0972683275,5.0,1284249600
A323EWKQN7OU2Z,0972683275,5.0,1350777600
AMTDSCA4H8ESH,0972683275,5.0,1360886400
A2LGSB9LFRS1GX,0972683275,5.0,1339027200
A3JD55EKK0KJKV,0972683275,1.0,1354147200
A2J5CN7KTWNIPU,0972683275,5.0,1336262400
A5F4APY9E03PB,0972683275,5.0,1361232000
A32ZO9M5YM5UOD,0972683275,4.0,1348185600
A32ALBO1JX4LD3,0972683275,3.0,1395446400
A2HO6I66T6XQQ6,0972683275,5.0,1386547200
A2413DMJ0TQ5ZM,0972683275,4.0,1341619200
A2GWK5SWOQGA8H,0972683275,5.0,1347926400
A3S7U5RXVO4BTV,0972683275,5.0,1363219200
A2GB15SLLZT2TB,0972683275,5.0,1391990400
A13RY3NRZ3G4B4,0972683275,5.0,1362528000
A4HRN77HIYTG0,0972683275,5.0,1366675200
AOL50BH014077,0972683275,5.0,1289347200
A2S4X009TZ0C26,0972683275,5.0,1392076800
A3RBLGLGUX1FVE,0972683275,2.0,1393545600
A1L0MEXMESE4C4,0972683275,3.0,1356739200
AX83LO5GUS554,0972683275,5.0,1324425600
A3NRM51HS7GN8I,0972683275,5.0,1293840000
A9BE6C2PCJ662,0972683275,5.0,1370822400
A1TZ59UDCG6JFV,0972683275,4.0,1355097600
A1OTUKRN9JEVJV,0972683275,5.0,1374624000
A33B0A0WTULCN8,0972683275,3.0,1389657600
A2H1U31KRK5X5L,0972683275,1.0,1386547200
A3VGRNJVUY5GD,0972683275,5.0,1349913600
A2KN382EO6GYZ7,0972683275,5.0,1367452800
A19H4VK9USAPKP,0977703037,4.0,1289174400
APN8BJB8N20JW,0978770382,2.0,1348531200
A3IH7TF1TSF8PL,0978770382,5.0,1340841600
A3B3DPD8GHIN0B,0979526191,4.0,1294963200
A3L7LEJB9I7CFM,0979526191,5.0,1303084800
A14W7Y09LG6AK,0979526191,2.0,1294272000
AIOHY2H8ZY8I3,0979526191,5.0,1305504000
A1JTVK3PR7BXL1,0979526191,5.0,1291161600
AE6VVXM6YJJ3I,0979526191,5.0,1296518400
AM2SBCHJB2WDH,0979526191,2.0,1295913600
A1N3BKGQDMZ8ZU,0979526191,1.0,1377820800
AB57FEP7YCJKB,0979526191,3.0,1382745600
AU5SICRRG9BAE,0979526191,4.0,1313452800
A461GFMIWBBS5,0979526191,1.0,1351209600
A32B6XWNR55SRL,0979526191,5.0,1291334400
A3JAG09Y9BNVWE,0979526191,2.0,1296172800
A3S7LFOCI2QA1R,0979526191,5.0,1302739200
A91FEKDWMSGGH,0979526191,5.0,1291766400
A33YT7BJ81014N,0979526191,5.0,1293408000
A1JGYEKQHHPP2X,0979526191,1.0,1374710400
A1EUN9H4OCZRJH,0979526191,3.0,1290988800
A3QXQJU8AR8PVG,0979526191,3.0,1301184000
AZ7UYZLF6652D,0979526191,5.0,1297900800
A1AKK3KAHTVYGL,0983947600,5.0,1359072000
A23T8X4976NYKT,0983947600,5.0,1325721600
A1G91CYPQP31B8,0983947600,1.0,1356566400
A204OUFELNGY5T,0986987662,5.0,1386892800
AALPZUTUR6HO2,1034385789,5.0,1405641600
A3HG5694OIYC7Q,1034385789,5.0,1392681600
AILZCBVMP5KNA,1034385789,5.0,1372723200
A1ORYDJYMM5TI2,1034385789,2.0,1380067200
A19AMR73PKFUOW,1034385789,5.0,1364774400
A15UC03E7H5UEW,1039869017,5.0,1378339200
A2E161LP86F8IM,1039869017,5.0,1362700800
A2J0JTXQ0OUGIW,1085901386,3.0,1366329600
A3OWMIJJB2NCDS,1094441252,5.0,1297209600
A35RT8V7FX3PRW,1094441252,2.0,1324252800
A1P2X2PHSY6S9K,1094441252,1.0,1298332800
A30NQLJ0I6Y3AL,1094441252,1.0,1290124800
A1NXK0KBN5CZHZ,1182702627,5.0,1340755200
AT3MJ26M4E7CN,1182702627,5.0,1337299200
A3HYYLJGBMW5HD,1182702627,5.0,1395878400
A3H150XFJ7S4KE,1254875778,1.0,1367193600
A3TDYK3QJB6YMN,1254875778,5.0,1372032000
A1QSBRR1IFFSD0,1254875778,5.0,1388102400
A2UGZCGCYPBMNA,1254875778,5.0,1373500800
A2U8PSXMV3FMS8,1254875778,5.0,1369267200
A1GC7J2UJ6X3X5,134048160X,4.0,1377043200
A35C8VC6BS3MUF,1348510390,2.0,1399507200
A1ZTY9MZL7SJD3,1394860919,5.0,1376265600
ATCDEYSUVPIS8,1394860919,5.0,1389052800
A37ALZ4LXO082G,1394860919,1.0,1403222400
AGQIMUOSQ65JB,1394860919,1.0,1403395200
A22WKGAIO762EH,1394860919,4.0,1396224000
A2MQSUVR09I2T7,1394860919,1.0,1396051200
AAJUZR5MRIL6G,1394860919,5.0,1397692800
A23B7HRDNUT8Y9,1394860919,5.0,1379289600
A1CU6FTKLKS7EJ,1394860919,5.0,1397174400
A2ZJVZCJ2L4RJ7,1394860919,5.0,1385078400
AKRO3T0Z5JXJL,1394860919,5.0,1397174400
A309SKO1ELS32B,1394860919,5.0,1383004800
A2WVA96DOM2VLN,1394860919,5.0,1368230400
A3TAYPZLKBRTV8,1394860919,5.0,1375228800
A5J0C0XB4DW6B,1394860919,1.0,1395619200
A2OWS5IIFW5DTO,1394860919,1.0,1392076800
A25TFFG40XB47F,1394860919,5.0,1403222400
AXHXXKPHIIX52,1394860919,5.0,1394755200
A3RED3KUGRD9I4,1394860919,4.0,1402790400
A16Z1PGQG2VG06,1394860919,1.0,1396569600
A3EEUNY8NQX4Z3,1394860919,5.0,1396224000
A2P3ETZH2I0D6T,1394860919,4.0,1403136000
A3CUJY7GTQV2B9,1394860919,4.0,1381449600
A25QXUKICQC047,1400501466,1.0,1365033600
A1K775TKUNZL43,1400501466,1.0,1362960000
A1DTMC1668FIDQ,1400501466,1.0,1388275200
A2YL4R66S69HRR,1400501466,1.0,1354579200
A3LDPF5FMB782Z,1400501466,5.0,1336003200
A31PGMNHHNTAJC,1400501466,2.0,1327881600
A1C44IUJIM4ZQW,1400501466,1.0,1388620800
A9HYSJ3D0D6I2,1400501466,3.0,1336435200
A2D0Z73FFWO81U,1400501466,2.0,1356480000
A3EOHF2YSVZA9L,1400501466,5.0,1376524800
A36QJUI4G5BXQ5,1400501466,1.0,1387584000
ASH6NHZ1Z2O51,1400501466,5.0,1329264000
A3R2US71Y3CV9R,1400501466,5.0,1390780800
A3VW9L6XJHNQ5Z,1400501466,5.0,1401321600
A3FHDRV5NQAIX6,1400501466,3.0,1325462400
A1KFY8MKQGJINV,1400501466,1.0,1391385600
A1A5KUIIIHFF4U,1400501466,1.0,1332547200
A3NDU0MZYJ46IS,1400501466,1.0,1328486400
A2NTDIUAJ69Z0S,1400501466,5.0,1380844800
A3RDBQ5SFCBJCS,1400501466,5.0,1383868800
A23I4XO67QNLR1,1400501466,5.0,1360368000
A223MRTJ2NPK2K,1400501466,1.0,1339891200
A35WK8K8W5XVJK,1400501466,1.0,1369699200
A2UL4M5SXL7L0A,1400501466,5.0,1342310400
A22V6M8WWYE6AR,1400501466,5.0,1391126400
A3X4HP16UB4IF,1400501466,5.0,1328745600
A3OBYP8XRDROHE,1400501466,4.0,1330387200
AV2XSTX7D7E6C,1400501466,4.0,1354320000
A2HCMKTJDND6PO,1400501466,1.0,1323820800
A2XIOXRRYX0KZY,1400501466,3.0,1371686400
A3789LBI0YRTAC,1400501466,5.0,1402444800
A26JTRTPBP1HM0,1400501466,5.0,1362441600
ATTFXCRZ1H4OE,1400501466,5.0,1393027200
A2SG8FNJ32V4D8,1400501466,5.0,1383091200
A22MBP2WDYM0N4,1400501466,5.0,1332115200
A135W7Q0FFATMU,1400501466,1.0,1374969600
A3N5O2O6G1YN9F,1400501466,1.0,1340150400
ALZLNPRGIE471,1400501466,1.0,1371945600
A1EP99CSN9MQ63,1400501466,1.0,1370995200
A33789N6ABDDMY,1400501466,2.0,1337817600
A1S2BTVDZV4PYD,1400501466,5.0,1385683200
A3J2XM903G7VW9,1400501466,2.0,1388448000
A2P37DMU9U1LIM,1400501466,2.0,1369008000
A2B082GZNO903U,1400501466,4.0,1397001600
A1MAR88NK5LRLG,1400501466,1.0,1323734400
A34WO5SMXCZVR4,1400501466,4.0,1325548800
A2WI39Z73DBX1B,1400501466,5.0,1335052800
A1HLEJA9NGG4O4,1400501466,5.0,1361923200
A2CK3I4925FV8W,1400501466,5.0,1358121600
A1ZGVTHOLLBWLB,1400501466,5.0,1376697600
A2S5CL45RSDXPC,1400501466,2.0,1368921600
A1UQ48YVAQ6BG0,1400501466,5.0,1336953600
A1THAS99Q4UIRZ,1400501466,1.0,1327536000
A12F6005KZKKFJ,1400501466,5.0,1344643200
A1M21MWR9Q7LH3,1400501466,5.0,1403740800
A24CSFZLZWQCKQ,1400501466,5.0,1353542400
A18K03R8D5ZVHZ,1400501466,5.0,1372723200
A2TTLTI9NMFKER,1400501466,4.0,1322870400
A1HXK6RCMLOLXS,1400501466,1.0,1388707200
A2A27JVDMK0NNL,1400501466,5.0,1322524800
AU4XBHCLBYSXI,1400501466,3.0,1336694400
APR3ZRKQK0NB5,1400501466,5.0,1389916800
A31EM2II07B8X6,1400501466,5.0,1356393600
A2K4IDHREI1GLM,1400501466,5.0,1393632000
A2FHM5FB0BXKGA,1400501466,5.0,1329350400
A26AY8M7VU463O,1400501466,5.0,1369612800
A22IA58NFO6C7C,1400501466,3.0,1374364800
A1113RSXZFKGMY,1400501466,1.0,1358121600
A2749BTS2KRMVH,1400501466,2.0,1325548800
A121SCQ0SV8L0P,1400501466,5.0,1325548800
A3UUOSIUEOA0G1,1400501466,5.0,1396569600
A8JLIZ8ORW85M,1400501466,4.0,1355788800
A13LMHZS94C3DY,1400501466,4.0,1325376000
AQI0FMST042MT,1400501466,1.0,1332979200
A1G9SOE51HET8E,1400501466,5.0,1338336000
A6VFSC0BW75Y0,1400501466,2.0,1325635200
A1KTH7TLPGRRQN,1400501466,5.0,1389312000
A2LK476A1UDRDK,1400501466,5.0,1368316800
A1XCNW6XNRHZY4,1400501466,5.0,1326326400
ADZQKNV2D2R7L,1400501466,5.0,1346198400
A1L74RP1NNZD3S,1400501466,5.0,1330041600
A1LUSV3HHAEOMU,1400501466,5.0,1355529600
A35G3Z1R2A9FP,1400501466,2.0,1335830400
AQNEQQ96MKX3Y,1400501466,4.0,1330300800
AHHN8N4ZUAPXA,1400501466,1.0,1325894400
A2HZ9MJ1CW6GJM,1400501466,2.0,1327363200
A1SQOEKFCAHY8I,1400501466,5.0,1329350400
A3TBX9MQL2V4PA,1400501466,5.0,1322697600
A14GXYBFNDBLX4,1400501466,5.0,1356393600
A2ZS5PK7DZ58FO,1400501466,1.0,1325289600
A305D1W0GUT2MO,1400501466,3.0,1362355200
A2463MBNOO2G3R,1400501466,5.0,1389052800
ABI9JK44R6G9Q,1400501466,1.0,1371600000
A3SL60WWXFOFLC,1400501466,1.0,1390003200
A3GN3YF8UF7XWO,1400501466,3.0,1400112000
AJ7ZOVU9YIKN2,1400501466,5.0,1381276800
A16EPG5DODBE8G,1400501466,4.0,1355875200
AZ52LG63GEJEK,1400501466,2.0,1397692800
A1F562K3YSDQB9,1400501466,5.0,1401494400
AD2F67ICNR023,1400501466,1.0,1397865600
A1HFN1DYB17QDC,1400501466,1.0,1368748800
A2O5TD6RNKV360,1400501466,5.0,1323993600
A2QUAWFDFCR054,1400501466,5.0,1332633600
A28CX60AOX3S4B,1400501466,5.0,1362700800
AKD4WRF2ZE2IH,1400501466,5.0,1336694400
AO6IXF7J8IWZN,1400501466,2.0,1397088000
A40DG6B2VJXX6,1400501466,1.0,1373241600
A35YEIME4A8MUQ,1400501466,5.0,1381795200
AA36DB7PNNJP2,1400501466,5.0,1361577600
A2Q3BW3177V542,1400501466,3.0,1332201600
AHU88DJO03XZ7,1400501466,3.0,1372896000
ATFHWCJHPXULR,1400501466,4.0,1404950400
AHEP4N0XIJR1K,1400501466,5.0,1375574400
AR08L3ODGJTLC,1400501466,4.0,1331596800
AJ0R8AX9FETYG,1400501466,2.0,1325289600
A2BD5KVPI6CSPU,1400501466,1.0,1392681600
AJ8442MRRYE7Y,1400501466,1.0,1324944000
A37OF9GLN7ROJE,1400501466,4.0,1366156800
A3G6J56PPXHDLB,1400501466,5.0,1328313600
A2KQS56WCGQL5W,1400501466,4.0,1393286400
A1QIWG08P3AE72,1400501466,2.0,1389052800
A2KVFXFIFCJURI,1400501466,5.0,1390953600
A3K1WN529ZV5HB,1400501466,4.0,1360108800
A1YGBPQHWPBI4V,1400501466,3.0,1356480000
A34AU4VRTYNZVI,1400501466,3.0,1328745600
A1ES2Z4ZX6IWBK,1400501466,5.0,1356652800
A2063S0QXYH25L,1400501466,5.0,1388707200
A1TCCGVDJV9XAV,1400501466,2.0,1324857600
A3QI0L5IP77DNZ,1400501466,5.0,1392940800
AH9FCFS4PCUVE,1400501466,5.0,1334793600
A1ACOHCWUB5KQ7,1400501466,3.0,1326931200
A336QPTTKQD8RT,1400501466,3.0,1391990400
A2OT17HDAAHE3W,1400501466,1.0,1326585600
A1DYBL0J960AZ3,1400501466,1.0,1344470400
A3UHU5EYXTEWH8,1400501466,5.0,1349222400
A1HKHX9E58OSLX,1400501466,4.0,1388275200
A1Z2TU4WMDMYWN,1400501466,1.0,1387411200
A2YIUXJ9AVMSKU,1400501466,4.0,1326931200
A2639BF5P3WJS0,1400501466,4.0,1323216000
A34FYQMUUSEZ63,1400501466,4.0,1397347200
A1WRXACOKPITBQ,1400501466,5.0,1329350400
A28P9QUZA7CK8A,1400501466,1.0,1325548800
A14UJT1OS41L2L,1400501466,2.0,1395705600
A3A8V3Z7LJKJJQ,1400501466,5.0,1370736000
A17PKBT50DG6IC,1400501466,4.0,1386288000
AW3LX47IHPFRL,1400501466,5.0,1339804800
AZ8N3EQG6NC4X,1400501466,5.0,1398124800
A31U0ZQTNIQTHY,1400501466,5.0,1322784000
A3IXHEJ00IG4D4,1400501466,5.0,1358208000
A2C2206X7WV1Q1,1400501466,5.0,1391126400
A1E3OB6QMBKRYZ,1400501466,1.0,1350086400
A343Y6JLIXAEAH,1400501466,2.0,1351555200
AUKNZLS417IMB,1400501466,4.0,1355529600
A3ODENXA668OR,1400501466,4.0,1380067200
A2QZ0KESHXQZNC,1400501466,5.0,1389744000
A2Z0MLIH040PQX,1400501466,4.0,1324339200
AEOGQGQZ0SMLQ,1400501466,5.0,1324339200
A1E5L1BTBZEST1,1400501466,5.0,1388620800
A39684IXREX30J,1400501466,5.0,1331078400
A1SXQTI1ZXGYXG,1400501466,1.0,1330387200
AZQQVI9RHJYH6,1400501466,3.0,1354233600
A1T71OPBURZI63,1400501466,5.0,1346284800
A2WNWRLY8IRMGD,1400501466,4.0,1324339200
AUIKFDROD5EIE,1400501466,5.0,1386115200
A3URMQVGOZA20B,1400501466,3.0,1379289600
A1JN8Z275SS3MQ,1400501466,5.0,1328572800
A2CLEYZ9KM9VML,1400501466,3.0,1333497600
A83240M845U6T,1400501466,1.0,1350000000
AZ294485X0UCS,1400501466,5.0,1362614400
A1HR5UTQTMJP79,1400501466,1.0,1385856000
A1K4CJ9SVDG0S0,1400501466,5.0,1332201600
A3KSS6WBTO7H0X,1400501466,5.0,1324512000
AEPHHBICQ2W2M,1400501466,2.0,1369872000
A1K4H0D2FLQHL2,1400501466,4.0,1325376000
AP4YPAXC7YZL3,1400501466,5.0,1323129600
A2M3CK3QSX72O0,1400501466,2.0,1382313600
A3OYMK6UMM871F,1400501466,5.0,1397347200
A1U25CO184VS8I,1400501466,5.0,1323129600
AJIHWX6ITBI9G,1400501466,5.0,1353196800
A19N3S7CBSU6O7,1400501466,5.0,1322697600
A107I2HYD2JZ5G,1400501466,5.0,1382400000
A1Q0GZFOZ9VAF5,1400501466,3.0,1386201600
A19SNJRL7C0SYU,1400501466,1.0,1324944000
A154290YYMKY14,1400501466,5.0,1390089600
A1BZ18U2EF4FAI,1400501466,5.0,1371427200
A1S7ZYV8AP9QUF,1400501466,4.0,1327795200
A7YI49J8WC8XL,1400501466,2.0,1325116800
A3AEIMHQC4AZW1,1400501466,5.0,1362528000
A1GBJM1MCWSGFQ,1400501466,4.0,1356912000
A16P35YRY7M45W,1400501466,3.0,1362009600
A3KCPUGG7G11BJ,1400501466,4.0,1364860800
A4G4HWKGH4HU4,1400501466,2.0,1336608000
A1N7GVGLTV5NJ7,1400501466,5.0,1326931200
A13GAPDNJFGKMR,1400501466,1.0,1337731200
AD4XKDR0MD7JO,1400501466,4.0,1381104000
AHFJQOHGJRK84,1400501466,4.0,1348185600
A2GRGE4NZMJL6O,1400501466,4.0,1398816000
A1QMBKZKN9BFQF,1400501466,5.0,1351987200
AOHQVDAGYMV6J,1400501466,5.0,1336348800
A14MH79OV61SR3,1400501466,1.0,1335052800
A8F3XK1F0LQQG,1400501466,1.0,1404259200
A2MW4LD6M5AI8D,1400501466,5.0,1353628800
A3BMER3FF2Z3D3,1400501466,4.0,1345593600
A2420BEDO9LJGW,1400501466,3.0,1326067200
A1ZJF8YB4LZ356,1400501466,1.0,1324252800
A2QYH0JNDSB7CT,1400501466,1.0,1356393600
A3CQXG3MQ73VLT,1400501466,5.0,1397433600
A2C9GLBECXO7LY,1400501466,5.0,1364947200
A2MGY1CIIUUDIB,1400501466,5.0,1356393600
A1R0ZOYR1ZCH6K,1400501466,5.0,1362268800
AR1TDNU2ZUGM1,1400501466,4.0,1328054400
A78Z5V6JIB20X,1400501466,5.0,1378944000
A2PQZH1SJGRV4Y,1400501466,5.0,1399248000
A3AEPP8CTJBXIU,1400501466,3.0,1354320000
A3MTS5CEYODQFU,1400501466,5.0,1325721600
A3LNPD5UWMBQJP,1400501466,5.0,1332288000
A10UOP8HQMY7GX,1400501466,2.0,1336435200
A2DN13HKY0A58L,1400501466,5.0,1370908800
A2ENZ4FESUXXMT,1400501466,5.0,1331510400
A2ILMCJBXWF5TS,1400501466,1.0,1325462400
AE8FR7ABTUCM7,1400501466,5.0,1369353600
A2E36XULD26LOK,1400501466,1.0,1325462400
A3PIPAS3M7YLQC,1400501466,3.0,1354320000
A1MQKTV7CQXTWS,1400501466,5.0,1379376000
A2RWGZD24R9JK0,1400501466,2.0,1400803200
A2HRVC01HFMGA3,1400501466,5.0,1379894400
A1D0BCHOF42G8K,1400501466,5.0,1356220800
ASPN95ORQQDS0,1400501466,5.0,1385164800
A34A5U9FDI1C4Z,1400501466,4.0,1366502400
AUUTWI1Y309K8,1400501466,5.0,1370390400
A3RTW7A302AKQM,1400501466,5.0,1326672000
A33Q9BKDMTGDQ2,1400501466,2.0,1358467200
AW3KFYL19VZPL,1400501466,5.0,1340582400
A3946L5N554V7C,1400501466,2.0,1394668800
A1V0VUNM61I0PT,1400501466,4.0,1377475200
A1PIKSH08G8F0E,1400501466,5.0,1371600000
A2BLA7WV1PHP9W,1400501466,2.0,1382659200
A25RXNP7Z2TOKS,1400501466,5.0,1328313600
A24FWCMHHS50RF,1400501466,5.0,1325116800
A35AM2F6K2IJFA,1400501466,2.0,1388707200
A2D3WIS7V7U9D9,1400501466,1.0,1394236800
AVBCA0C2J4TQF,1400501466,4.0,1337126400
A23GVU6ZMNS225,1400501466,1.0,1326067200
A3DD2ECNJ3ATB8,1400501466,4.0,1387756800
A1I0MV8SWXSWDQ,1400501466,2.0,1322697600
AL2XB3XNNUV9J,1400501466,3.0,1329350400
AFAVGGOEGGYQ,1400501466,5.0,1401321600
A1089S59XSJT2T,1400501466,5.0,1329955200
A1VMM5Z5UNEGXD,1400501466,5.0,1325894400
AQVOC00DZTET0,1400501466,1.0,1374192000
A3LEANXMJGALUQ,1400501474,5.0,1403827200
A2M82BBTXB65RI,1400501474,5.0,1404086400
A148XEF07H2O8X,1400501474,4.0,1357862400
A3VCAHFWE6VMK0,1400501474,5.0,1340150400
A35UAKZKNHSHD6,1400501474,1.0,1402704000
AF4OKW0P7IWSJ,1400501474,5.0,1401321600
A8FIHOZ4F7ZSF,1400501474,5.0,1366329600
AOLPY5S8KXNWH,1400501474,5.0,1357948800
A3DZD3MI8T17OW,1400501474,5.0,1363305600
AZ5K5CVZRSN5T,1400501474,5.0,1393113600
A33OBVDZ5WD06Q,1400501474,4.0,1353888000
A2OFXFCY3GDOP1,1400501474,5.0,1374796800
A28UTOTNNHNE7P,1400501474,5.0,1340928000
AIMYT3Y8VBK8C,1400501474,4.0,1397001600
A3D0ASKFF6EUF7,1400501474,5.0,1342828800
A21GNE44H4TF1U,1400501474,5.0,1364860800
A1SW16VKUEX39T,1400501474,5.0,1368230400
A2R5E3GZLAD00O,1400501474,5.0,1402444800
A2HQFD8PTV6RQ6,1400501474,5.0,1347235200
A2BD5KVPI6CSPU,1400501474,1.0,1392681600
A277UIVXDNJBQY,1400501474,1.0,1364947200
A37LTD1BOMH1IK,1400501474,5.0,1361145600
A3BLNNGM4L1G2,1400501474,5.0,1355788800
A17P2AR4GGGPP1,1400501474,4.0,1402963200
A3U97QF29KHLJQ,1400501474,5.0,1386979200
A3JW62NUB8N2ML,1400501474,5.0,1391385600
A33T8YWNPXGXV5,1400501474,5.0,1403913600
A2IEJQ8754BMSI,1400501474,5.0,1348099200
A3HMF1PQFM40MP,1400501474,5.0,1396915200
A1A92O8IVVHW3Q,1400501520,5.0,1385424000
AR1K8G3CGD1QI,1400501520,5.0,1389484800
A28ZON2GCK6Y3X,1400501520,5.0,1370131200
A3LDPF5FMB782Z,1400501520,5.0,1362873600
A2ZEY7SOYTUC7E,1400501520,5.0,1377129600
A2009MTFH7DOZW,1400501520,5.0,1390867200
AN64MG0PEGE8X,1400501520,4.0,1390003200
AIOTDOKSZGIRM,1400501520,5.0,1375315200
AWGPAYUYPG84L,1400501520,5.0,1368057600
A35FTKYO9UQZWF,1400501520,5.0,1361145600
A2H3HEVGSEURNL,1400501520,5.0,1356566400
AO8AQDUJ423BZ,1400501520,5.0,1391385600
A10T4K3FUXNDRU,1400501520,5.0,1371340800
AU21UCWJE8ILY,1400501520,1.0,1388361600
A2JII0BVKHVWPQ,1400501520,4.0,1355443200
A35Z2JYPTJA1Z6,1400501520,5.0,1395187200
A35SB5XA89HR41,1400501520,5.0,1394409600
A35HG2KSMDHCZN,1400501520,5.0,1401494400
A3CUIHZP8KTMLG,1400501520,5.0,1402012800
A1U539TX7OHDH2,1400501520,1.0,1386288000
A13SOG0UHIO13K,1400501520,5.0,1392249600
A3W4UV6IFQVAKV,1400501520,5.0,1389312000
A34OHUSQ46C27S,1400501520,1.0,1368230400
A1GXOJYENYFP6W,1400501520,4.0,1356912000
ARMYCTNFKFGX8,1400501520,5.0,1358208000
A10VA2FBKWP7A6,1400501520,1.0,1361923200
ASUTI8X39OEF6,1400501520,5.0,1386806400
A2RE0O7KSG210,1400501520,3.0,1390348800
A3RACR4ZBEJWIP,1400501520,5.0,1395532800
A26JTBE56C0473,1400501520,2.0,1385337600
A1J30XARFY6XQJ,1400501520,5.0,1395532800
A1BN36SAWCLCIK,1400501520,3.0,1374278400
ARVRDPTME5VCG,1400501520,4.0,1375833600
A2KQ2LJ8UWQX03,1400501520,5.0,1371686400
A35JCASWZL0XBH,1400501520,4.0,1392422400
A3AQYCBRBHSV8L,1400501520,5.0,1363132800
A1STU2ZEU2TG5I,1400501520,1.0,1395446400
A35EC54TIQQN01,1400501520,5.0,1382054400
AOYQ0ZY1YRUBV,1400501520,5.0,1390435200
A2P9QAQ78P07CR,1400501520,5.0,1393372800
AE4YK5UFHWBDH,1400501520,5.0,1370908800
A3TDR53S5IU3I1,1400501520,5.0,1358121600
A1SR7D8UJ0KV0W,1400501520,5.0,1404777600
A36Z1OLH6B0C2I,1400501520,5.0,1382659200
A2YJHIX6674515,1400501520,3.0,1378857600
A2K17ORNXIZZ9R,1400501520,5.0,1357862400
A2BR80J5RIUIN0,1400501520,5.0,1361232000
A28OZBLQKKYGOR,1400501520,4.0,1395273600
ADWF1FS6M4W0J,1400501520,5.0,1373932800
A3KCM7KUASIZHR,1400501520,1.0,1358640000
A2K0JL9L38MK8L,1400501520,5.0,1378857600
ASHQ1JCA241D6,1400501520,5.0,1361145600
A2J66GBDIKO1HW,1400501520,5.0,1391731200
APU9A37MX6Q70,1400501520,5.0,1400457600
A39LEEC211P155,1400501520,5.0,1368057600
ACBFQL1QQX9H0,1400501520,5.0,1399334400
A1RTI1N7BNOB66,1400501520,5.0,1366502400
A21B8AV7E3MPXE,1400501520,5.0,1385856000
A256XJUEHO5K2M,1400501520,4.0,1370131200
A66XABTCWKWI3,1400501520,5.0,1366934400
A3U97QF29KHLJQ,1400501520,5.0,1386979200
A1S2M6SA4OAUNK,1400501520,5.0,1372464000
AO84V5QJ6K23Z,1400501520,5.0,1368489600
A1889S56VFLVMZ,1400501520,1.0,1369094400
A3C7D2U4YA3FKL,1400501520,3.0,1399593600
A1YG4DSE4495Y,1400501520,5.0,1380758400
A15FDRHUDT1OII,1400501520,5.0,1395964800
A3H83ZLVQC2RD8,1400501520,5.0,1368144000
A1BNL6HCVVEDN0,1400501520,5.0,1389398400
AOHQVDAGYMV6J,1400501520,5.0,1358380800
A2CQV2374HBWK8,1400501520,5.0,1359590400
A3BEVLI33Q0ZF4,1400501520,5.0,1391212800
A1B6WHCBJSNO6J,1400501520,1.0,1385856000
A1KW4AGRCOIWI2,1400501520,5.0,1365552000
A1W92X1R9QNM2C,1400501520,5.0,1393632000
A2OR79ZBG3JQVP,1400501520,1.0,1387497600
AA80U0M7LWD0L,1400501520,5.0,1398902400
A1UO8RWLA6ACQS,1400501520,5.0,1391990400
A099626739FNCRNHIKBCG,1400501520,3.0,1403136000
AJH44VRJAORDZ,1400501520,3.0,1390262400
A3S58J9HNVKP32,1400501520,2.0,1388534400
A2YTEOZZCNG2GE,1400501520,4.0,1365552000
A37CAP7XIB67LH,1400501741,1.0,1394323200
A2TWFQ6M66TSUV,1400501741,3.0,1377043200
A2WFBRX9R0D84U,1400501741,5.0,1384819200
A2TXDOQ8A5ENHK,1400501741,4.0,1384214400
A9GM8LMGWNWSR,1400501741,5.0,1385769600
ATLWPU9UHIT0A,1400501741,5.0,1384992000
A10H764JFYKJ,1400501741,3.0,1387929600
A2B299W02UMQ1M,1400501741,4.0,1375660800
A3HOZQK2NQMJW4,1400501741,5.0,1397088000
A155NKCOMUSDCJ,1400501741,5.0,1404086400
A383SB390QSLFW,1400501741,5.0,1392076800
A1SR7D8UJ0KV0W,1400501741,5.0,1404777600
A2QGHWDNJA9YT0,1400501741,4.0,1404086400
A37TVXY7IEZ6E0,1400501741,2.0,1382227200
A2NYHXSYSAKGI9,1400501741,5.0,1397692800
A3IX3M3SMKORSJ,1400501741,1.0,1404086400
AC5B0897JHRC,1400501741,5.0,1402185600
A2O0XJJCW1SH4A,1400501741,5.0,1399593600
A3OSXWD030B9EO,1400501741,3.0,1389657600
A36EUPUXXGE6NV,1400501741,4.0,1377129600
A2ZS3M8ZNFN7GA,1400501741,4.0,1377820800
A1YF593QE7E7I8,1400501741,5.0,1375315200
A1ZNU3IEK36YPV,1400501741,5.0,1385424000
A191AL04HIBY2D,1400501741,1.0,1391212800
A2AWWMTCENHUS4,1400501741,5.0,1395014400
A3AF0OH0EWX5RX,1400501741,1.0,1398038400
AZZMV5VT9W7Y8,1400501776,1.0,1405382400
A3SXTR5Z7C1CSO,1400501776,5.0,1388880000
A2YL4R66S69HRR,1400501776,1.0,1354579200
A3LDPF5FMB782Z,1400501776,5.0,1334102400
ATF9GIT9E3X5S,1400501776,3.0,1338854400
A1A0DUC0MTZJR0,1400501776,4.0,1390262400
A3HBUAQY6SZI5Z,1400501776,2.0,1352851200
A2MY0PHV4B3WP2,1400501776,4.0,1353542400
A3ETIHAIKTFUMI,1400501776,5.0,1383091200
A3NS3XXZCQ5ATQ,1400501776,3.0,1374883200
AFF1CSM6T9EAR,1400501776,5.0,1343692800
A3AMG5K4VMJUAI,1400501776,4.0,1363305600
AL1SDTRO3QDCT,1400501776,5.0,1388707200
A3BA1U1VA6UVBO,1400501776,3.0,1363910400
A3FU30EXOFGGLS,1400501776,4.0,1388707200
A1I3MJJSS3H9RR,1400501776,5.0,1335398400
AON73B6DVAE0I,1400501776,1.0,1391558400
ARUJMHCVUC0KY,1400501776,5.0,1390176000
A2I9FGQXFX4OVW,1400501776,5.0,1343260800
A3LU2B4AC41Z5M,1400501776,5.0,1386288000
A39977WSOIUUM,1400501776,5.0,1359849600
AG7O531AAY3NX,1400501776,5.0,1391299200
ADOI9MCYEHV36,1400501776,2.0,1389052800
APP6SU3TOEI7A,1400501776,1.0,1398902400
A9692QW5SWG0H,1400501776,2.0,1384819200
A2YFWU52P5Z0RF,1400501776,4.0,1388534400
A3PDGWYC08DXF4,1400501776,4.0,1341187200
A2QAON82GWJ8C2,1400501776,5.0,1350432000
AFF66JWHZ1WHA,1400501776,4.0,1386806400
A1U4J2HT3P8GZM,1400501776,3.0,1388534400
AFS0M7QYNFBJ8,1400501776,1.0,1385683200
AZQOWHUHXMIMS,1400501776,4.0,1390176000
A1RX0PONTT2ZL7,1400501776,4.0,1357171200
A3T3VLXV1A7CP9,1400501776,3.0,1387152000
A2V6ZN9YU9ND9L,1400501776,1.0,1351641600
A1UXHIWQY1I6NP,1400501776,4.0,1385164800
A2WWBWN4GTCW7Y,1400501776,4.0,1335398400
A3E2SQ61RG4KPF,1400501776,5.0,1345507200
A2PW3UHLJHDO8,1400501776,5.0,1370908800
A37JOONBIY5POU,1400501776,1.0,1389571200
A39FX5FTFK8LK8,1400501776,5.0,1338163200
AFL22A1C9J7OA,1400501776,1.0,1350345600
AKDHLAXR2XQ3H,1400501776,5.0,1374624000
A10NKN19P7TPWA,1400501776,3.0,1391644800
AD6CFKD56Q6X5,1400501776,4.0,1388102400
A1R9D5Y4DWYVYL,1400501776,5.0,1382313600
A1FIR4LBQA39YR,1400501776,4.0,1385856000
AOMQZAS76F3V3,1400501776,3.0,1374796800
A2FHM5FB0BXKGA,1400501776,5.0,1335139200
A3KK1FQY1ZY9GM,1400501776,5.0,1342742400
A1X1QOKHU1RGNR,1400501776,5.0,1338940800
A2USJ3U5OP34N,1400501776,5.0,1335916800
A1G9SOE51HET8E,1400501776,5.0,1349654400
A29XPB4YTMCH7N,1400501776,2.0,1390953600
A3NNF0HBAYEJ6N,1400501776,5.0,1383436800
A2WGHNYAHJ7O4T,1400501776,4.0,1340582400
A2O3LOTH5DELMI,1400501776,2.0,1388620800
A3KOA0YU5LB92W,1400501776,5.0,1374364800
A15KCEKCUCYF0O,1400501776,2.0,1346112000
A3VT2YV8AXE1ZP,1400501776,5.0,1389139200
A3785JWYV8W7SL,1400501776,2.0,1388448000
AHAW6FFH93KGE,1400501776,1.0,1385769600
A1YUCZ88MOTMB3,1400501776,4.0,1350950400
A3JOGUHYHZV8LD,1400501776,4.0,1384300800
A2W03RIHY0MOX2,1400501776,5.0,1359331200
A3MT70AKRAQ5DO,1400501776,5.0,1347235200
A1JD4QKA74I97P,1400501776,5.0,1381968000
A2U4EGQ83SQUSI,1400501776,5.0,1341619200
A7GSMYYD2VLNU,1400501776,5.0,1384300800
A3K2PZTHQ1ISUR,1400501776,5.0,1375574400
AIFKO7AOEY0FF,1400501776,1.0,1389139200
AERBOJC9UCV66,1400501776,5.0,1392076800
ATCRAH93GN2NU,1400501776,5.0,1388707200
A2Z9F2OKNMRJVD,1400501776,3.0,1388707200
A2R2KK8IF2JDJT,1400501776,3.0,1356825600
A1NKBTWL7VUU34,1400501776,2.0,1384732800
A1TX2BLQ6DK9KM,1400501776,5.0,1374624000
A2D5K3C373CTUG,1400501776,5.0,1359676800
A3JWMA8CUGYFJY,1400501776,2.0,1391299200
A1FZ7HBC0J06ZW,1400501776,4.0,1392681600
A37XY4AH97Z8MH,1400501776,5.0,1388880000
AQTVUPDNAQ88G,1400501776,2.0,1390262400
A2WEPBPVYE04UM,1400501776,5.0,1336262400
A39QNMGPRGWOEG,1400501776,4.0,1357603200
A18S2VGUH9SCV5,1400501776,4.0,1340755200
A3LZQZMCIZDXK3,1400501776,3.0,1345852800
A3IY5Q5170K7L3,1400501776,1.0,1398038400
A17107L7KX4MNX,1400501776,5.0,1388188800
ACMKJIW7FKAR5,1400501776,5.0,1357516800
A3L9OGN8P3W9Z0,1400501776,4.0,1369353600
A3DM8NDY4EIUP1,1400501776,5.0,1373414400
AR9M6ADI1BMJ9,1400501776,4.0,1360972800
A203MDQBABOQNS,1400501776,4.0,1366243200
A3AQ5F7I4JGPW6,1400501776,5.0,1337904000
A10WAMBFRBBTRH,1400501776,3.0,1338768000
A28LH4XWQ883GF,1400501776,4.0,1389052800
A1ILHGN4PPX5L3,1400501776,4.0,1346803200
A2GYMUY1KVPYG8,1400501776,5.0,1340928000
AVVI3TH9AG6EF,1400501776,5.0,1384819200
A22QT5VRYAJAYE,1400501776,3.0,1341014400
A1MZVETF38AMZ6,1400501776,3.0,1334620800
A2PZ9IQI5ZSVEC,1400501776,4.0,1389484800
A3OYMK6UMM871F,1400501776,5.0,1397001600
A2SJACTFQ4F57,1400501776,5.0,1388448000
AOUXM20KZ0VPR,1400501776,3.0,1369785600
ACLP38OQU1XBJ,1400501776,4.0,1353196800
A32DU7K2MPN9WF,1400501776,1.0,1385424000
A1EEBYBLZSX893,1400501776,5.0,1359331200
ACPB6HD9U1QB1,1400501776,1.0,1348012800
A31SW1AD08JPSH,1400501776,3.0,1347494400
A3LWS5AO0EC93V,1400501776,5.0,1388620800
A3GL447LZIS1C4,1400501776,5.0,1372204800
AQ1Q5FOQNUQM8,1400501776,5.0,1381795200
A3ADJ00F29DU5I,1400501776,5.0,1356998400
AU7YDEXT5YF8X,1400501776,3.0,1389139200
A1XDGPF9LSITIA,1400501776,5.0,1363824000
AL2D74BQ8V0FT,1400501776,5.0,1368489600
A3HIWA382MJMZU,1400501776,5.0,1348617600
ARYMC1MBLCMI6,1400501776,1.0,1375488000
A1J6KN07O81UMV,1400501776,2.0,1396569600
AKRE7ZFG0DUZW,1400501776,1.0,1388793600
A1AS0NU2ZBW8PN,1400501776,5.0,1390953600
A1V1JXSVFAEFBK,1400501776,5.0,1337299200
A1V6DPR8VTB6VJ,1400501776,5.0,1390348800
A2IK5WQOTXW4DL,1400501776,5.0,1375747200
A1ANKVMI9O05DF,1400501776,5.0,1357344000
A1OQMSAUD5S25L,1400501776,5.0,1359244800
A1BNFI2VIWNKQ9,1400501776,4.0,1388620800
A925GTXDP9QXU,1400501776,5.0,1357516800
A3BF0IIHLU7TSK,1400501776,5.0,1341532800
AX7P06CV1IDV0,1400501776,5.0,1356220800
ATIUAYR5OH72U,1400501776,5.0,1358985600
A1H8I2PH00UQ2K,1400501776,5.0,1341619200
A1NZYQ9R9RJS7B,1400501776,5.0,1356566400
A2DWX3LCX7USSE,1400501776,5.0,1337040000
A2PL8FCZ88PRBY,1400501776,5.0,1387756800
A253KVKT9AT97C,1400501776,5.0,1339977600
A1F20FMMDSHCV1,1400501776,4.0,1349740800
A11HN0H7QCX6RQ,1400501776,3.0,1345766400
A1FXYTO11KEJ2P,1400501784,4.0,1398297600
A38QD5TZ5G30NI,1400501784,3.0,1402876800
AB6NC94273RQX,1400501784,1.0,1399593600
AIZLIOZTA722V,1400501784,4.0,1398470400
ASBRMM24OTGNE,1400532620,4.0,1294876800
A2LJV2DIW1220H,1400532620,5.0,1331510400
A2IL3E3X9XM9O5,1400532620,1.0,1300492800
A3OOPCUF8TQE1R,1400532620,5.0,1305158400
A3HW4KT09ZSSD0,1400532620,2.0,1303344000
AES2AZFVTXKBZ,1400532620,1.0,1310947200
A34NOWIZ9Z5MZZ,1400532620,1.0,1356480000
A1IK1ZTDHJS6WW,1400532620,3.0,1403308800
A1610JAWFB70N5,1400532620,1.0,1313193600
AQGUDK0MSQ95L,1400532620,4.0,1293321600
A1SNHYX5PKMFCA,1400532620,5.0,1288396800
A2Z7NVK6HRVG6A,1400532620,1.0,1320278400
A2XS4FA5WGO5KR,1400532620,3.0,1315958400
A21J7TC00MICKM,1400532620,5.0,1297728000
A2Y2I1ZMCPTJWQ,1400532620,5.0,1289347200
A2V24K8UWPPDSB,1400532620,5.0,1337212800
A3PZ2UAB40SBXL,1400532620,4.0,1319414400
A1HZWHI3JLGZ5N,1400532620,1.0,1323388800
ACGC5PM64LQ8Y,1400532620,2.0,1294704000
A22M8JKEMEW4BI,1400532620,1.0,1308873600
A1UCU8JD7GX5EX,1400532620,5.0,1296604800
A32U6WJUJLGUCV,1400532620,5.0,1298419200
A1MYO26LV8X7JI,1400532620,4.0,1284768000
A3VC7DFTNM2FKK,1400532620,4.0,1300060800
AT904NZCHRU9L,1400532620,5.0,1340409600
A1QA3JR0OMAXME,1400532620,5.0,1290988800
A1NZH03BZTSPS2,1400532620,4.0,1296000000
A2QSOMBLRKFYKZ,1400532620,5.0,1356652800
A2WJ4CTJ763IEQ,1400532620,5.0,1322352000
A3BKPD87T1SJ1X,1400532620,1.0,1300406400
AC8WXA642LUCJ,1400532620,5.0,1311379200
A39K7R4Y1ZD5SZ,1400532620,3.0,1307232000
A331UWXNPZ59T8,1400532620,4.0,1314835200
A84O215CIZY6W,1400532620,5.0,1317513600
A21LBXNT363YAA,1400532620,1.0,1315094400
A2G2DM1PW9MM1O,1400532620,5.0,1294272000
A3T3NSTR200C6I,1400532620,5.0,1307059200
AL8778UW6G7L6,1400532620,5.0,1302393600
A1EZJSN08SOB5L,1400532620,5.0,1296777600
A1XY86U23W6LQ,1400532620,5.0,1295481600
AMDB1P0KZJKNF,1400532620,4.0,1289952000
AMD4FC5M30SNV,1400532620,5.0,1305072000
A3UD4PXZR50LJ4,1400532620,5.0,1287792000
AJQRYTPV3JK3C,1400532620,1.0,1305417600
A1QPUBF6U5EQM6,1400532620,4.0,1322265600
A2PMGWO0LG8JY,1400532620,4.0,1390176000
AQBGIZ9JLVJVF,1400532620,2.0,1303689600
A5G9F61T1JSU8,1400532620,5.0,1302825600
A1M6FE68HVMTK4,1400532620,4.0,1293235200
AM5ONRMISKR3W,1400532620,5.0,1300406400
A89ZZKNDFQH23,1400532620,5.0,1293667200
A1SHK7D1XG7RIY,1400532620,5.0,1303171200
A34UCP9NIG0I9T,1400532620,5.0,1286668800
A3A6GTXXY09ZPL,1400532620,3.0,1331424000
A2Z3MMBWUB703C,1400532620,1.0,1295740800
A1LHCUV1YEFCDV,1400532620,1.0,1304985600
A1I0MH28TROVUJ,1400532620,1.0,1293926400
A2675729FPRP5V,1400532620,1.0,1388448000
A10ZXDANDTZZYP,1400532620,5.0,1352332800
A28MT6UWXNPW8P,1400532620,2.0,1314057600
A2DZFND8F72LJW,1400532620,5.0,1376611200
A3TCLVOY1IIC28,1400532620,2.0,1326758400
A2Q59FNQRO3UND,1400532620,2.0,1333238400
A1JW7JCI80TMZK,1400532620,5.0,1367971200
A2G0NKU2J3LPNS,1400532620,1.0,1294444800
A2OKCS5234ZV7S,1400532620,5.0,1293580800
A3IROM8JD6KAVG,1400532620,1.0,1331424000
APWLM3HOWBDBE,1400532620,2.0,1316131200
AI09WWRK2VTHN,1400532620,1.0,1309219200
A11MVLEIL8ZT3G,1400532620,4.0,1319241600
A3QYSDHZTMCL8E,1400532620,1.0,1303344000
AQIYMF4X90D8E,1400532620,1.0,1390435200
AYOKRAK8MOQXB,1400532620,3.0,1305763200
A1CUCF36AV4W9L,1400532620,5.0,1295740800
A3F3VH3NTD3H2Y,1400532620,1.0,1299542400
AEKPKY70JMOMZ,1400532620,5.0,1293753600
A1TRMLDUKEMT9V,1400532620,5.0,1323734400
ARMYT82M9M8AJ,1400532620,2.0,1299974400
A27NW21CEL40G0,1400532620,4.0,1371513600
A1U7E3GB0MKLDC,1400532620,5.0,1362960000
A3TLPJWSLF2EJL,1400532620,3.0,1297468800
A31CR1WOVCML1Y,1400532620,5.0,1360454400
A1BOSP0PP369UP,1400532620,3.0,1293667200
AUWG3HK4IAG92,1400532620,2.0,1298246400
A3UCF82XIPJME2,1400532620,5.0,1284249600
A3OEKYU0C8ZXAO,1400532620,5.0,1307059200
A3GTBDKULX6M5E,1400532620,5.0,1326758400
A24DXRSB61U37K,1400532620,5.0,1292457600
A3M75NJADP5SXE,1400532620,5.0,1341273600
A2Z8B480D9XGIP,1400532620,3.0,1286409600
A1J2ODREE6T9QS,1400532620,1.0,1303257600
A9J3LMY955WKJ,1400532620,4.0,1309305600
AS5MBP7VPQF5R,1400532620,5.0,1306368000
A48J4ZBYH58ZI,1400532620,1.0,1295913600
A2YQN0Z573XRC1,1400532620,1.0,1363910400
AFQEMGLY2RFGH,1400532620,5.0,1300924800
AP7O3ZZIFWVAS,1400532620,1.0,1295568000
A23CKO9CFCVRPJ,1400532620,1.0,1314316800
AV90JD8C9IUD0,1400532620,4.0,1325980800
A2DFYA5BEIAJKX,1400532620,4.0,1342569600
AY2DOF31KJHLK,1400532620,5.0,1291248000
A3ZCIEUX68DEZ,1400532620,5.0,1354665600
A1WKUY7T0EM0GM,1400532620,5.0,1303603200
A4SPPOE9HOMTA,1400532620,5.0,1303948800
A3P4S8P6YN4LKV,1400532620,4.0,1310774400
A2JWDEMXQ8SQTI,1400532620,4.0,1301702400
A1HDUJCILHK072,1400532620,1.0,1297296000
A3IJRI9KTXVVMH,1400532620,5.0,1295740800
A1B8O4HRL8EDY2,1400532620,5.0,1303776000
A101DJDPGK0Q46,1400532620,5.0,1303689600
A23ZWJ9CS8OG30,1400532620,4.0,1302134400
A3H2Y7A8FPNDBM,1400532620,1.0,1322784000
A2XYQ7HIU3Q63,1400532620,5.0,1284768000
A17D8NMRY062YV,1400532620,5.0,1302652800
AOY9SZTMNQWAW,1400532620,5.0,1293321600
A3HBMGQMJF8ILZ,1400532620,5.0,1346457600
A1TIHG7XJ4I94,1400532620,5.0,1300320000
A1U8W9I5RBTKQV,1400532620,5.0,1283990400
A237NCHQXTEHHB,1400532620,5.0,1288137600
A2KKOYSBBA8BLE,1400532620,5.0,1318982400
A2EQZ0IA5BUOKY,1400532620,5.0,1319500800
A3RL6OKFV0JRDP,1400532620,5.0,1339545600
A28JEJIO9SJFSK,1400532620,4.0,1293321600
A3DMB52EFM59Q0,1400532620,5.0,1306627200
A1S71JIN40YHXK,1400532620,5.0,1369872000
AE77TDSCJVAO2,1400532620,5.0,1383782400
A21ADD58683202,1400532620,5.0,1283817600
A3A9N38HSPZ7YC,1400532620,5.0,1299542400
A3OX2ZKEHYM1Y6,1400532620,4.0,1302912000
A3FV80G5TGF2YN,1400532620,4.0,1290470400
A1JR07OWH0XA5Z,1400532620,5.0,1284681600
AXAG5IY4ALJS5,1400532620,5.0,1314057600
A38A6KT0S0CFWB,1400532620,5.0,1288915200
A3O0HWQUC20HU7,1400532620,2.0,1305849600
A19PN15YXJQFAK,1400532620,4.0,1289001600
A2Q5OH3DGQGMXD,1400532620,5.0,1282089600
A197MNRHT8VT6J,1400532620,1.0,1294272000
A3BYE47CT1VF3N,1400532620,1.0,1309132800
A1PEFK6SSTM02G,1400532620,5.0,1296518400
A1EWTH5ITFJDA1,1400532620,5.0,1334620800
A20Y7REXQZ1REW,1400532620,4.0,1293926400
A3TXIBKJBNPKX4,1400532620,5.0,1305590400
A3PN767U54LA5U,1400532620,5.0,1311984000
A2EJPGQV89WOTD,1400532620,1.0,1281744000
A1JXHJZIDT0ETT,1400532620,4.0,1298851200
A3GEO948EDZ3WP,1400532620,3.0,1299110400
A11R8LA8S29D6G,1400532620,1.0,1389312000
A27F140Q64IJ7Q,1400532620,2.0,1398211200
AMGGZCWY3VNZC,1400532620,4.0,1292544000
A9TN8BXKWBU2P,1400532620,5.0,1307404800
A3IKH93QDEOB1P,1400532620,5.0,1299628800
A1K4G5YJDJQI6Q,1400532620,1.0,1306713600
A2KKTAKUWIEXC6,1400532620,3.0,1289433600
A2GBY6JKI7TFBX,1400532620,1.0,1293494400
A1PPS91NLI7KEH,1400532620,5.0,1279843200
A2DDUG6FM8ZS6G,1400532620,5.0,1304467200
A23JYBX1Q54LB1,1400532620,5.0,1322006400
A3U44FXGVKXDKE,1400532620,5.0,1340323200
A3TF6A1YMYJQ9U,1400532620,5.0,1292198400
A3R0EG4ZT858W7,1400532620,1.0,1304812800
A15BPPSTV8F5PV,1400532620,2.0,1301702400
A2MEY6KX8RV90N,1400532620,5.0,1343692800
A3AE7K00NNS2K4,1400532620,5.0,1308009600
A16CG6X7PJVTXP,1400532620,1.0,1286150400
A2D4GWXQOGXLQD,1400532620,5.0,1296432000
A2VAT4WE4EOMPO,1400532620,5.0,1296345600
A2UHIN9H9DDZMX,1400532620,4.0,1296777600
A10BOETDPAFJ4C,1400532620,5.0,1302480000
A3E1G41Z5SP55A,1400532620,5.0,1312588800
A3MZ1AGRR4BKUD,1400532620,3.0,1334534400
A2WYNO0T7AD2KZ,1400532620,5.0,1358985600
A3JZ898Q8XXL6K,1400532655,1.0,1405296000
A23C0R77ZP9Z84,1400532655,3.0,1298505600
A2JX7RNVFSR4BN,1400532655,5.0,1306108800
A1QHBPGJJB3X4F,1400532655,2.0,1357257600
A2BGSZL3EOJNC7,1400532655,3.0,1302566400
A1FNHDWSN2KA0G,1400532655,3.0,1292457600
